{"file_name":"rleg","texture_size":[16,16],"textures":{"60ac6210-4edc-f3f0-4c2f-f39dd06f75c1":"minecraft:block/pumpkin_side","ccba005a-7f01-c686-ba83-fb272b2dbeff":"minecraft:block/carved_pumpkin","ac3b208c-d886-944e-2371-f002518bb88b":"minecraft:block/hay_block_top","ec3b54f7-6b5c-8cde-32c6-07e3f88b3074":"minecraft:block/hay_block_side","2cc723f8-fc1a-1990-fe84-bcb2a45c6aaf":"minecraft:block/jack_o_lantern","13fba0f3-4c8f-656b-88f9-c1a084906509":"modelengine:entity/scarecrow","82069edf-2b47-2478-3ebd-b6a3535dc248":"minecraft:block/pumpkin_top"},"elements":[{"name":"box102","from":[7.6050076,-0.76000047,7.52963],"to":[9.033008,7.88,8.95763],"rotation":{"angle":0.0,"axis":"x","origin":[8.350508,6.6499996,8.28563]},"faces":{"down":{"uv":[16.0,0.0,8.0,8.0],"rotation":0,"texture":"#13fba0f3-4c8f-656b-88f9-c1a084906509","tintindex":0},"east":{"uv":[16.0,0.0,8.0,8.0],"rotation":0,"texture":"#13fba0f3-4c8f-656b-88f9-c1a084906509","tintindex":0},"north":{"uv":[16.0,0.0,8.0,8.0],"rotation":0,"texture":"#13fba0f3-4c8f-656b-88f9-c1a084906509","tintindex":0},"south":{"uv":[16.0,0.0,8.0,8.0],"rotation":0,"texture":"#13fba0f3-4c8f-656b-88f9-c1a084906509","tintindex":0},"up":{"uv":[16.0,0.0,8.0,8.0],"rotation":0,"texture":"#13fba0f3-4c8f-656b-88f9-c1a084906509","tintindex":0},"west":{"uv":[16.0,0.0,8.0,8.0],"rotation":0,"texture":"#13fba0f3-4c8f-656b-88f9-c1a084906509","tintindex":0}}}],"display":{"head":{"translation":[0.0,-6.4,0.0],"rotation":[0.0,0.0,0.0],"scale":[3.8095,3.8095,3.8095]},"gui":{"translation":[0.0,0.0,0.0],"rotation":[35.0,225.0,0.0],"scale":[0.625,0.625,0.625]}}}