{"file_name":"rightleg","texture_size":[128,128],"textures":{"a88316f6-1581-d70e-f401-375a97378ca4":"modelengine:entity/kindletronsr4"},"elements":[{"name":"cube","from":[8.0,3.7399998,6.2],"to":[9.2,9.8,9.2],"rotation":{"angle":0.0,"axis":"x","origin":[9.0,5.9799995,7.4]},"faces":{"down":{"uv":[8.375,12.375,8.125,13.0],"rotation":0,"texture":"#a88316f6-1581-d70e-f401-375a97378ca4","tintindex":0},"east":{"uv":[0.875,10.25,1.5,11.5],"rotation":0,"texture":"#a88316f6-1581-d70e-f401-375a97378ca4","tintindex":0},"north":{"uv":[6.75,12.25,7.0,13.5],"rotation":0,"texture":"#a88316f6-1581-d70e-f401-375a97378ca4","tintindex":0},"south":{"uv":[8.375,12.25,8.625,13.5],"rotation":0,"texture":"#a88316f6-1581-d70e-f401-375a97378ca4","tintindex":0},"up":{"uv":[4.375,13.0,4.125,12.375],"rotation":0,"texture":"#a88316f6-1581-d70e-f401-375a97378ca4","tintindex":0},"west":{"uv":[7.0,11.375,7.625,12.625],"rotation":0,"texture":"#a88316f6-1581-d70e-f401-375a97378ca4","tintindex":0}}},{"name":"cube","from":[9.2,6.74,6.2],"to":[10.4,9.8,9.2],"rotation":{"angle":0.0,"axis":"x","origin":[9.0,5.9799995,7.4]},"faces":{"down":{"uv":[0.75,12.5,0.5,13.125],"rotation":0,"texture":"#a88316f6-1581-d70e-f401-375a97378ca4","tintindex":0},"east":{"uv":[12.125,5.25,12.75,5.875],"rotation":0,"texture":"#a88316f6-1581-d70e-f401-375a97378ca4","tintindex":0},"north":{"uv":[12.375,12.125,12.625,12.75],"rotation":0,"texture":"#a88316f6-1581-d70e-f401-375a97378ca4","tintindex":0},"south":{"uv":[0.0,12.5,0.25,13.125],"rotation":0,"texture":"#a88316f6-1581-d70e-f401-375a97378ca4","tintindex":0},"up":{"uv":[0.5,13.125,0.25,12.5],"rotation":0,"texture":"#a88316f6-1581-d70e-f401-375a97378ca4","tintindex":0},"west":{"uv":[12.25,0.0,12.875,0.625],"rotation":0,"texture":"#a88316f6-1581-d70e-f401-375a97378ca4","tintindex":0}}},{"name":"cube","from":[8.0,1.9999998,6.2],"to":[9.2,3.7999997,7.4],"rotation":{"angle":0.0,"axis":"x","origin":[9.0,5.9799995,7.4]},"faces":{"down":{"uv":[5.75,12.625,5.5,12.875],"rotation":0,"texture":"#a88316f6-1581-d70e-f401-375a97378ca4","tintindex":0},"east":{"uv":[12.5,10.25,12.75,10.625],"rotation":0,"texture":"#a88316f6-1581-d70e-f401-375a97378ca4","tintindex":0},"north":{"uv":[6.125,12.5,6.375,12.875],"rotation":0,"texture":"#a88316f6-1581-d70e-f401-375a97378ca4","tintindex":0},"south":{"uv":[12.5,10.625,12.75,11.0],"rotation":0,"texture":"#a88316f6-1581-d70e-f401-375a97378ca4","tintindex":0},"up":{"uv":[5.0,11.875,4.75,11.625],"rotation":0,"texture":"#a88316f6-1581-d70e-f401-375a97378ca4","tintindex":0},"west":{"uv":[12.5,11.0,12.75,11.375],"rotation":0,"texture":"#a88316f6-1581-d70e-f401-375a97378ca4","tintindex":0}}}],"display":{"head":{"translation":[0.0,-6.4,0.0],"rotation":[0.0,0.0,0.0],"scale":[3.8095,3.8095,3.8095]},"gui":{"translation":[0.0,0.0,0.0],"rotation":[35.0,225.0,0.0],"scale":[0.625,0.625,0.625]}}}