{
  "halloween.creaking": {
    "sounds": [
      "minecraft:custom/halloween/creaking"      
    ],
    "category": "player"
  },
  "halloween.dracula": {
    "sounds": [
      "minecraft:custom/halloween/dracula"      
    ],
    "category": "player"
  },
  "halloween.ghost_breath": {
    "sounds": [
      "minecraft:custom/halloween/ghost_breath"      
    ],
    "category": "player"
  },
  "halloween.ghost_whisper": {
    "sounds": [
      "minecraft:custom/halloween/ghost_whisper"      
    ],
    "category": "player"
  },
  "halloween.girl": {
    "sounds": [
      "minecraft:custom/halloween/girl"      
    ],
    "category": "player"
  },
  "halloween.scarecrow": {
    "sounds": [
      "minecraft:custom/halloween/scarecrow"      
    ],
    "category": "player"
  },
  "halloween.swipe": {
    "sounds": [
      "minecraft:custom/halloween/swipe"      
    ],
    "category": "player"
  },
  "halloween.igor": {
    "sounds": [
      "minecraft:custom/halloween/igor"      
    ],
    "category": "player"
  },
  "halloween.werewolf": {
    "sounds": [
      "minecraft:custom/halloween/werewolf"      
    ],
    "category": "player"
  }  
}