{"file_name":"leftleg","texture_size":[16,16],"textures":{"fd6ca9a4-81a1-3a91-3bca-a78f603e69ef":"modelengine:entity/kindletronjr"},"elements":[{"name":"left leg cube","from":[7.4384003,7.3496,7.1972],"to":[8.6288,8.0048,8.75],"rotation":{"angle":0.0,"axis":"x","origin":[8.0,7.4432,8.18]},"faces":{"down":{"uv":[0.0,0.0,2.8,4.6],"rotation":0,"texture":"#fd6ca9a4-81a1-3a91-3bca-a78f603e69ef","tintindex":0},"east":{"uv":[0.0,0.0,4.6,1.4],"rotation":0,"texture":"#fd6ca9a4-81a1-3a91-3bca-a78f603e69ef","tintindex":0},"north":{"uv":[0.0,0.0,2.8,1.4],"rotation":0,"texture":"#fd6ca9a4-81a1-3a91-3bca-a78f603e69ef","tintindex":0},"south":{"uv":[0.0,0.0,2.8,1.4],"rotation":0,"texture":"#fd6ca9a4-81a1-3a91-3bca-a78f603e69ef","tintindex":0},"up":{"uv":[0.0,0.0,2.8,4.6],"rotation":0,"texture":"#fd6ca9a4-81a1-3a91-3bca-a78f603e69ef","tintindex":0},"west":{"uv":[0.0,0.0,4.6,1.4],"rotation":0,"texture":"#fd6ca9a4-81a1-3a91-3bca-a78f603e69ef","tintindex":0}}},{"name":"left leg cube","from":[7.4384003,5.1266,7.1972],"to":[8.6288,5.7818,8.75],"rotation":{"angle":0.0,"axis":"x","origin":[8.0,5.2202,8.18]},"faces":{"down":{"uv":[0.0,0.0,2.8,4.6],"rotation":0,"texture":"#fd6ca9a4-81a1-3a91-3bca-a78f603e69ef","tintindex":0},"east":{"uv":[0.0,0.0,4.6,1.4],"rotation":0,"texture":"#fd6ca9a4-81a1-3a91-3bca-a78f603e69ef","tintindex":0},"north":{"uv":[0.0,0.0,2.8,1.4],"rotation":0,"texture":"#fd6ca9a4-81a1-3a91-3bca-a78f603e69ef","tintindex":0},"south":{"uv":[0.0,0.0,2.8,1.4],"rotation":0,"texture":"#fd6ca9a4-81a1-3a91-3bca-a78f603e69ef","tintindex":0},"up":{"uv":[0.0,0.0,2.8,4.6],"rotation":0,"texture":"#fd6ca9a4-81a1-3a91-3bca-a78f603e69ef","tintindex":0},"west":{"uv":[0.0,0.0,4.6,1.4],"rotation":0,"texture":"#fd6ca9a4-81a1-3a91-3bca-a78f603e69ef","tintindex":0}}},{"name":"left leg cube","from":[7.3448,6.8348,7.1036],"to":[8.722401,7.4900002,8.8436],"rotation":{"angle":0.0,"axis":"x","origin":[8.0,6.9284,8.18]},"faces":{"down":{"uv":[0.0,0.0,3.2,5.0],"rotation":0,"texture":"#fd6ca9a4-81a1-3a91-3bca-a78f603e69ef","tintindex":0},"east":{"uv":[0.0,0.0,5.0,1.4],"rotation":0,"texture":"#fd6ca9a4-81a1-3a91-3bca-a78f603e69ef","tintindex":0},"north":{"uv":[0.0,0.0,3.2,1.4],"rotation":0,"texture":"#fd6ca9a4-81a1-3a91-3bca-a78f603e69ef","tintindex":0},"south":{"uv":[0.0,0.0,3.2,1.4],"rotation":0,"texture":"#fd6ca9a4-81a1-3a91-3bca-a78f603e69ef","tintindex":0},"up":{"uv":[0.0,0.0,3.2,5.0],"rotation":0,"texture":"#fd6ca9a4-81a1-3a91-3bca-a78f603e69ef","tintindex":0},"west":{"uv":[0.0,0.0,5.0,1.4],"rotation":0,"texture":"#fd6ca9a4-81a1-3a91-3bca-a78f603e69ef","tintindex":0}}},{"name":"left leg cube","from":[7.3448,7.7948,7.1036],"to":[8.722401,8.45,8.8436],"rotation":{"angle":0.0,"axis":"x","origin":[8.0,7.8884,8.18]},"faces":{"down":{"uv":[0.0,0.0,3.2,5.0],"rotation":0,"texture":"#fd6ca9a4-81a1-3a91-3bca-a78f603e69ef","tintindex":0},"east":{"uv":[0.0,0.0,5.0,1.4],"rotation":0,"texture":"#fd6ca9a4-81a1-3a91-3bca-a78f603e69ef","tintindex":0},"north":{"uv":[0.0,0.0,3.2,1.4],"rotation":0,"texture":"#fd6ca9a4-81a1-3a91-3bca-a78f603e69ef","tintindex":0},"south":{"uv":[0.0,0.0,3.2,1.4],"rotation":0,"texture":"#fd6ca9a4-81a1-3a91-3bca-a78f603e69ef","tintindex":0},"up":{"uv":[0.0,0.0,3.2,5.0],"rotation":0,"texture":"#fd6ca9a4-81a1-3a91-3bca-a78f603e69ef","tintindex":0},"west":{"uv":[0.0,0.0,5.0,1.4],"rotation":0,"texture":"#fd6ca9a4-81a1-3a91-3bca-a78f603e69ef","tintindex":0}}},{"name":"left leg cube","from":[7.3448,5.6647997,7.1036],"to":[8.722401,6.3199997,8.8436],"rotation":{"angle":0.0,"axis":"x","origin":[8.0,5.7584,8.18]},"faces":{"down":{"uv":[0.0,0.0,3.2,5.0],"rotation":0,"texture":"#fd6ca9a4-81a1-3a91-3bca-a78f603e69ef","tintindex":0},"east":{"uv":[0.0,0.0,5.0,1.4],"rotation":0,"texture":"#fd6ca9a4-81a1-3a91-3bca-a78f603e69ef","tintindex":0},"north":{"uv":[0.0,0.0,3.2,1.4],"rotation":0,"texture":"#fd6ca9a4-81a1-3a91-3bca-a78f603e69ef","tintindex":0},"south":{"uv":[0.0,0.0,3.2,1.4],"rotation":0,"texture":"#fd6ca9a4-81a1-3a91-3bca-a78f603e69ef","tintindex":0},"up":{"uv":[0.0,0.0,3.2,5.0],"rotation":0,"texture":"#fd6ca9a4-81a1-3a91-3bca-a78f603e69ef","tintindex":0},"west":{"uv":[0.0,0.0,5.0,1.4],"rotation":0,"texture":"#fd6ca9a4-81a1-3a91-3bca-a78f603e69ef","tintindex":0}}},{"name":"left leg cube","from":[7.2511997,6.2263994,7.01],"to":[8.816,6.8815994,8.937201],"rotation":{"angle":0.0,"axis":"x","origin":[8.0,6.3199997,8.18]},"faces":{"down":{"uv":[0.0,0.0,3.6,5.4],"rotation":0,"texture":"#fd6ca9a4-81a1-3a91-3bca-a78f603e69ef","tintindex":0},"east":{"uv":[6.0,9.0,9.6,10.4],"rotation":0,"texture":"#fd6ca9a4-81a1-3a91-3bca-a78f603e69ef","tintindex":0},"north":{"uv":[6.0,9.0,9.6,10.4],"rotation":0,"texture":"#fd6ca9a4-81a1-3a91-3bca-a78f603e69ef","tintindex":0},"south":{"uv":[6.0,9.0,9.6,10.4],"rotation":0,"texture":"#fd6ca9a4-81a1-3a91-3bca-a78f603e69ef","tintindex":0},"up":{"uv":[0.0,0.0,3.6,5.4],"rotation":0,"texture":"#fd6ca9a4-81a1-3a91-3bca-a78f603e69ef","tintindex":0},"west":{"uv":[6.0,9.0,9.6,10.4],"rotation":0,"texture":"#fd6ca9a4-81a1-3a91-3bca-a78f603e69ef","tintindex":0}}},{"name":"left leg cube","from":[7.2511997,4.5464,7.01],"to":[8.816,5.2016,8.937201],"rotation":{"angle":0.0,"axis":"x","origin":[8.0,4.64,8.18]},"faces":{"down":{"uv":[0.0,0.0,3.6,5.4],"rotation":0,"texture":"#fd6ca9a4-81a1-3a91-3bca-a78f603e69ef","tintindex":0},"east":{"uv":[0.0,0.0,5.4,1.4],"rotation":0,"texture":"#fd6ca9a4-81a1-3a91-3bca-a78f603e69ef","tintindex":0},"north":{"uv":[5.0,8.0,11.6,11.0],"rotation":0,"texture":"#fd6ca9a4-81a1-3a91-3bca-a78f603e69ef","tintindex":0},"south":{"uv":[0.0,0.0,3.6,1.4],"rotation":0,"texture":"#fd6ca9a4-81a1-3a91-3bca-a78f603e69ef","tintindex":0},"up":{"uv":[0.0,0.0,3.6,5.4],"rotation":0,"texture":"#fd6ca9a4-81a1-3a91-3bca-a78f603e69ef","tintindex":0},"west":{"uv":[9.0,8.0,15.6,11.0],"rotation":0,"texture":"#fd6ca9a4-81a1-3a91-3bca-a78f603e69ef","tintindex":0}}}],"display":{"head":{"translation":[0.0,-6.4,0.0],"rotation":[0.0,0.0,0.0],"scale":[3.8095,3.8095,3.8095]},"gui":{"translation":[0.0,0.0,0.0],"rotation":[35.0,225.0,0.0],"scale":[0.625,0.625,0.625]}}}