{"file_name":"rightarm","texture_size":[16,16],"textures":{"fd6ca9a4-81a1-3a91-3bca-a78f603e69ef":"modelengine:entity/kindletronjr"},"elements":[{"name":"right arm cube","from":[7.8199997,6.2599993,7.58],"to":[9.139999,8.719999,8.42],"rotation":{"angle":0.0,"axis":"x","origin":[8.9,7.52,7.4]},"faces":{"down":{"uv":[5.0,0.0,3.0,1.0],"rotation":0,"texture":"#fd6ca9a4-81a1-3a91-3bca-a78f603e69ef","tintindex":0},"east":{"uv":[13.0,1.0,16.0,15.0],"rotation":0,"texture":"#fd6ca9a4-81a1-3a91-3bca-a78f603e69ef","tintindex":0},"north":{"uv":[9.0,2.0,15.0,16.0],"rotation":0,"texture":"#fd6ca9a4-81a1-3a91-3bca-a78f603e69ef","tintindex":0},"south":{"uv":[13.0,1.0,16.0,15.0],"rotation":0,"texture":"#fd6ca9a4-81a1-3a91-3bca-a78f603e69ef","tintindex":0},"up":{"uv":[13.0,9.0,16.0,15.0],"rotation":0,"texture":"#fd6ca9a4-81a1-3a91-3bca-a78f603e69ef","tintindex":0},"west":{"uv":[3.0,1.0,4.0,5.0],"rotation":0,"texture":"#fd6ca9a4-81a1-3a91-3bca-a78f603e69ef","tintindex":0}}},{"name":"right arm cube","from":[8.3,4.8799996,7.4],"to":[9.38,7.28,8.6],"rotation":{"angle":0.0,"axis":"x","origin":[8.9,6.6800003,7.4]},"faces":{"down":{"uv":[4.0,0.0,3.0,2.0],"rotation":0,"texture":"#fd6ca9a4-81a1-3a91-3bca-a78f603e69ef","tintindex":0},"east":{"uv":[1.0,2.0,7.0,16.0],"rotation":0,"texture":"#fd6ca9a4-81a1-3a91-3bca-a78f603e69ef","tintindex":0},"north":{"uv":[9.0,2.0,15.0,16.0],"rotation":0,"texture":"#fd6ca9a4-81a1-3a91-3bca-a78f603e69ef","tintindex":0},"south":{"uv":[13.0,1.0,16.0,15.0],"rotation":0,"texture":"#fd6ca9a4-81a1-3a91-3bca-a78f603e69ef","tintindex":0},"up":{"uv":[3.0,2.0,2.0,0.0],"rotation":0,"texture":"#fd6ca9a4-81a1-3a91-3bca-a78f603e69ef","tintindex":0},"west":{"uv":[13.0,1.0,16.0,15.0],"rotation":0,"texture":"#fd6ca9a4-81a1-3a91-3bca-a78f603e69ef","tintindex":0}}},{"name":"right arm cube","from":[8.18,3.9799995,7.28],"to":[9.5,5.18,8.719999],"rotation":{"angle":0.0,"axis":"x","origin":[8.9,6.3199997,7.4]},"faces":{"down":{"uv":[9.0,0.0,15.0,6.0],"rotation":0,"texture":"#fd6ca9a4-81a1-3a91-3bca-a78f603e69ef","tintindex":0},"east":{"uv":[9.0,0.0,15.0,6.0],"rotation":0,"texture":"#fd6ca9a4-81a1-3a91-3bca-a78f603e69ef","tintindex":0},"north":{"uv":[9.0,0.0,15.0,6.0],"rotation":0,"texture":"#fd6ca9a4-81a1-3a91-3bca-a78f603e69ef","tintindex":0},"south":{"uv":[9.0,0.0,15.0,6.0],"rotation":0,"texture":"#fd6ca9a4-81a1-3a91-3bca-a78f603e69ef","tintindex":0},"up":{"uv":[9.0,0.0,15.0,6.0],"rotation":0,"texture":"#fd6ca9a4-81a1-3a91-3bca-a78f603e69ef","tintindex":0},"west":{"uv":[9.0,0.0,15.0,6.0],"rotation":0,"texture":"#fd6ca9a4-81a1-3a91-3bca-a78f603e69ef","tintindex":0}}}],"display":{"head":{"translation":[0.0,-6.4,0.0],"rotation":[0.0,0.0,0.0],"scale":[3.8095,3.8095,3.8095]},"gui":{"translation":[0.0,0.0,0.0],"rotation":[35.0,225.0,0.0],"scale":[0.625,0.625,0.625]}}}