{"file_name":"torso","texture_size":[16,16],"textures":{"fd6ca9a4-81a1-3a91-3bca-a78f603e69ef":"modelengine:entity/kindletronjr"},"elements":[{"name":"torso cube","from":[6.35,5.2442856,6.9585714],"to":[9.65,8.664286,9.058572],"rotation":{"angle":0.0,"axis":"x","origin":[8.030001,8.064285,7.9185715]},"faces":{"down":{"uv":[13.0,2.0,8.0,5.0],"rotation":0,"texture":"#fd6ca9a4-81a1-3a91-3bca-a78f603e69ef","tintindex":0},"east":{"uv":[0.0,5.0,3.0,10.0],"rotation":0,"texture":"#fd6ca9a4-81a1-3a91-3bca-a78f603e69ef","tintindex":0},"north":{"uv":[4.0,2.0,12.0,12.0],"rotation":0,"texture":"#fd6ca9a4-81a1-3a91-3bca-a78f603e69ef","tintindex":0},"south":{"uv":[2.0,2.0,14.0,14.0],"rotation":0,"texture":"#fd6ca9a4-81a1-3a91-3bca-a78f603e69ef","tintindex":0},"up":{"uv":[8.0,5.0,3.0,2.0],"rotation":0,"texture":"#fd6ca9a4-81a1-3a91-3bca-a78f603e69ef","tintindex":0},"west":{"uv":[8.0,5.0,11.0,10.0],"rotation":0,"texture":"#fd6ca9a4-81a1-3a91-3bca-a78f603e69ef","tintindex":0}}},{"name":"torso cube","from":[6.47,6.9842854,7.4385715],"to":[9.530001,10.404285,9.358572],"rotation":{"angle":0.0,"axis":"x","origin":[8.030001,9.804286,7.9185715]},"faces":{"down":{"uv":[13.0,2.0,8.0,5.0],"rotation":0,"texture":"#fd6ca9a4-81a1-3a91-3bca-a78f603e69ef","tintindex":0},"east":{"uv":[0.0,5.0,3.0,10.0],"rotation":0,"texture":"#fd6ca9a4-81a1-3a91-3bca-a78f603e69ef","tintindex":0},"north":{"uv":[4.0,2.0,12.0,12.0],"rotation":0,"texture":"#fd6ca9a4-81a1-3a91-3bca-a78f603e69ef","tintindex":0},"south":{"uv":[2.0,2.0,14.0,10.0],"rotation":0,"texture":"#fd6ca9a4-81a1-3a91-3bca-a78f603e69ef","tintindex":0},"up":{"uv":[8.0,5.0,3.0,2.0],"rotation":0,"texture":"#fd6ca9a4-81a1-3a91-3bca-a78f603e69ef","tintindex":0},"west":{"uv":[8.0,5.0,11.0,10.0],"rotation":0,"texture":"#fd6ca9a4-81a1-3a91-3bca-a78f603e69ef","tintindex":0}}}],"display":{"head":{"translation":[0.0,-6.4,0.0],"rotation":[0.0,0.0,0.0],"scale":[3.8095,3.8095,3.8095]},"gui":{"translation":[0.0,0.0,0.0],"rotation":[35.0,225.0,0.0],"scale":[0.625,0.625,0.625]}}}