{"file_name":"leg_right_front","texture_size":[32,32],"textures":{"fe47d81b-7d09-d9d1-2185-c92977032b7e":"modelengine:entity/bearded_dragon"},"elements":[{"name":"cube","from":[7.775,6.6725,7.2125],"to":[8.225,6.9725,8.1125],"rotation":{"angle":0.0,"axis":"x","origin":[6.965,6.8525,9.4625]},"faces":{"down":{"uv":[12.25,6.0,12.0,6.75],"rotation":0,"texture":"#fe47d81b-7d09-d9d1-2185-c92977032b7e","tintindex":0},"east":{"uv":[12.0,5.0,12.75,5.25],"rotation":0,"texture":"#fe47d81b-7d09-d9d1-2185-c92977032b7e","tintindex":0},"north":{"uv":[12.5,10.0,12.75,10.25],"rotation":0,"texture":"#fe47d81b-7d09-d9d1-2185-c92977032b7e","tintindex":0},"south":{"uv":[10.5,12.5,10.75,12.75],"rotation":0,"texture":"#fe47d81b-7d09-d9d1-2185-c92977032b7e","tintindex":0},"up":{"uv":[5.25,12.75,5.0,12.0],"rotation":0,"texture":"#fe47d81b-7d09-d9d1-2185-c92977032b7e","tintindex":0},"west":{"uv":[12.0,5.5,12.75,5.75],"rotation":0,"texture":"#fe47d81b-7d09-d9d1-2185-c92977032b7e","tintindex":0}}},{"name":"cube","from":[7.775,7.3025002,8.1125],"to":[8.225,8.6525,8.5625],"rotation":{"angle":-22.5,"axis":"x","origin":[6.965,6.8525,9.4625]},"faces":{"down":{"uv":[12.75,6.0,12.5,6.5],"rotation":0,"texture":"#fe47d81b-7d09-d9d1-2185-c92977032b7e","tintindex":0},"east":{"uv":[11.0,7.5,11.5,8.75],"rotation":0,"texture":"#fe47d81b-7d09-d9d1-2185-c92977032b7e","tintindex":0},"north":{"uv":[8.0,11.5,8.25,12.75],"rotation":0,"texture":"#fe47d81b-7d09-d9d1-2185-c92977032b7e","tintindex":0},"south":{"uv":[8.5,11.5,8.75,12.75],"rotation":0,"texture":"#fe47d81b-7d09-d9d1-2185-c92977032b7e","tintindex":0},"up":{"uv":[6.25,13.0,6.0,12.5],"rotation":0,"texture":"#fe47d81b-7d09-d9d1-2185-c92977032b7e","tintindex":0},"west":{"uv":[9.0,11.0,9.5,12.25],"rotation":0,"texture":"#fe47d81b-7d09-d9d1-2185-c92977032b7e","tintindex":0}}}],"display":{"head":{"translation":[0.0,-6.4,0.0],"rotation":[0.0,0.0,0.0],"scale":[3.8095,3.8095,3.8095]},"gui":{"translation":[0.0,0.0,0.0],"rotation":[35.0,225.0,0.0],"scale":[0.625,0.625,0.625]}}}