{"file_name":"leg_left_front","texture_size":[32,32],"textures":{"fe47d81b-7d09-d9d1-2185-c92977032b7e":"modelengine:entity/bearded_dragon"},"elements":[{"name":"cube","from":[7.775,6.6725,7.2125],"to":[8.225,6.9725,8.1125],"rotation":{"angle":0.0,"axis":"x","origin":[9.215,6.8525,9.4625]},"faces":{"down":{"uv":[6.0,11.5,5.5,12.25],"rotation":0,"texture":"#fe47d81b-7d09-d9d1-2185-c92977032b7e","tintindex":0},"east":{"uv":[6.5,12.0,7.25,12.25],"rotation":0,"texture":"#fe47d81b-7d09-d9d1-2185-c92977032b7e","tintindex":0},"north":{"uv":[6.5,12.5,7.0,12.75],"rotation":0,"texture":"#fe47d81b-7d09-d9d1-2185-c92977032b7e","tintindex":0},"south":{"uv":[12.5,6.5,13.0,6.75],"rotation":0,"texture":"#fe47d81b-7d09-d9d1-2185-c92977032b7e","tintindex":0},"up":{"uv":[12.0,5.75,11.5,5.0],"rotation":0,"texture":"#fe47d81b-7d09-d9d1-2185-c92977032b7e","tintindex":0},"west":{"uv":[12.0,8.5,12.75,8.75],"rotation":0,"texture":"#fe47d81b-7d09-d9d1-2185-c92977032b7e","tintindex":0}}},{"name":"cube","from":[7.775,7.3025002,8.1125],"to":[8.225,8.6525,8.5625],"rotation":{"angle":-22.5,"axis":"x","origin":[9.215,6.8525,9.4625]},"faces":{"down":{"uv":[12.5,3.0,12.0,3.5],"rotation":0,"texture":"#fe47d81b-7d09-d9d1-2185-c92977032b7e","tintindex":0},"east":{"uv":[9.5,11.0,10.0,12.25],"rotation":0,"texture":"#fe47d81b-7d09-d9d1-2185-c92977032b7e","tintindex":0},"north":{"uv":[11.0,9.0,11.5,10.25],"rotation":0,"texture":"#fe47d81b-7d09-d9d1-2185-c92977032b7e","tintindex":0},"south":{"uv":[10.0,11.0,10.5,12.25],"rotation":0,"texture":"#fe47d81b-7d09-d9d1-2185-c92977032b7e","tintindex":0},"up":{"uv":[3.5,12.5,3.0,12.0],"rotation":0,"texture":"#fe47d81b-7d09-d9d1-2185-c92977032b7e","tintindex":0},"west":{"uv":[10.5,11.0,11.0,12.25],"rotation":0,"texture":"#fe47d81b-7d09-d9d1-2185-c92977032b7e","tintindex":0}}}],"display":{"head":{"translation":[0.0,-6.4,0.0],"rotation":[0.0,0.0,0.0],"scale":[3.8095,3.8095,3.8095]},"gui":{"translation":[0.0,0.0,0.0],"rotation":[35.0,225.0,0.0],"scale":[0.625,0.625,0.625]}}}