{"file_name":"tailend","texture_size":[32,32],"textures":{"fe47d81b-7d09-d9d1-2185-c92977032b7e":"modelengine:entity/bearded_dragon"},"elements":[{"name":"cube","from":[7.4375,7.6625,9.2],"to":[8.5625,8.3375,10.969999],"rotation":{"angle":0.0,"axis":"x","origin":[8.0,6.425,2.4499998]},"faces":{"down":{"uv":[10.0,5.0,9.0,6.5],"rotation":0,"texture":"#fe47d81b-7d09-d9d1-2185-c92977032b7e","tintindex":0},"east":{"uv":[5.0,3.0,6.5,3.5],"rotation":0,"texture":"#fe47d81b-7d09-d9d1-2185-c92977032b7e","tintindex":0},"north":{"uv":[3.5,8.0,4.5,8.5],"rotation":0,"texture":"#fe47d81b-7d09-d9d1-2185-c92977032b7e","tintindex":0},"south":{"uv":[7.0,10.5,8.0,11.0],"rotation":0,"texture":"#fe47d81b-7d09-d9d1-2185-c92977032b7e","tintindex":0},"up":{"uv":[6.0,10.0,5.0,8.5],"rotation":0,"texture":"#fe47d81b-7d09-d9d1-2185-c92977032b7e","tintindex":0},"west":{"uv":[10.5,3.0,12.0,3.5],"rotation":0,"texture":"#fe47d81b-7d09-d9d1-2185-c92977032b7e","tintindex":0}}},{"name":"cube","from":[7.325,7.6625,7.85],"to":[8.675,8.3375,9.2],"rotation":{"angle":0.0,"axis":"x","origin":[8.0,6.425,2.4499998]},"faces":{"down":{"uv":[10.25,2.0,9.0,3.25],"rotation":0,"texture":"#fe47d81b-7d09-d9d1-2185-c92977032b7e","tintindex":0},"east":{"uv":[2.0,11.5,3.25,12.0],"rotation":0,"texture":"#fe47d81b-7d09-d9d1-2185-c92977032b7e","tintindex":0},"north":{"uv":[11.5,1.5,12.75,2.0],"rotation":0,"texture":"#fe47d81b-7d09-d9d1-2185-c92977032b7e","tintindex":0},"south":{"uv":[11.5,2.0,12.75,2.5],"rotation":0,"texture":"#fe47d81b-7d09-d9d1-2185-c92977032b7e","tintindex":0},"up":{"uv":[9.25,9.75,8.0,8.5],"rotation":0,"texture":"#fe47d81b-7d09-d9d1-2185-c92977032b7e","tintindex":0},"west":{"uv":[11.5,2.5,12.75,3.0],"rotation":0,"texture":"#fe47d81b-7d09-d9d1-2185-c92977032b7e","tintindex":0}}}],"display":{"head":{"translation":[0.0,-6.4,0.0],"rotation":[0.0,0.0,0.0],"scale":[3.8095,3.8095,3.8095]},"gui":{"translation":[0.0,0.0,0.0],"rotation":[35.0,225.0,0.0],"scale":[0.625,0.625,0.625]}}}