{"file_name":"torso","texture_size":[32,32],"textures":{"fe47d81b-7d09-d9d1-2185-c92977032b7e":"modelengine:entity/bearded_dragon"},"elements":[{"name":"cube","from":[7.1,10.460001,6.6499996],"to":[8.9,10.685,9.8],"rotation":{"angle":0.0,"axis":"x","origin":[8.0,8.3,8.0]},"faces":{"down":{"uv":[4.5,5.0,3.0,7.75],"rotation":0,"texture":"#fe47d81b-7d09-d9d1-2185-c92977032b7e","tintindex":0},"east":{"uv":[3.0,11.0,5.75,11.25],"rotation":0,"texture":"#fe47d81b-7d09-d9d1-2185-c92977032b7e","tintindex":0},"north":{"uv":[11.5,4.0,13.0,4.25],"rotation":0,"texture":"#fe47d81b-7d09-d9d1-2185-c92977032b7e","tintindex":0},"south":{"uv":[11.5,4.5,13.0,4.75],"rotation":0,"texture":"#fe47d81b-7d09-d9d1-2185-c92977032b7e","tintindex":0},"up":{"uv":[3.0,7.75,1.5,5.0],"rotation":0,"texture":"#fe47d81b-7d09-d9d1-2185-c92977032b7e","tintindex":0},"west":{"uv":[6.0,11.0,8.75,11.25],"rotation":0,"texture":"#fe47d81b-7d09-d9d1-2185-c92977032b7e","tintindex":0}}},{"name":"cube","from":[7.1,8.975,6.5150003],"to":[8.9,9.2,9.8],"rotation":{"angle":0.0,"axis":"x","origin":[8.0,8.3,8.0]},"faces":{"down":{"uv":[6.5,0.0,5.0,2.75],"rotation":0,"texture":"#fe47d81b-7d09-d9d1-2185-c92977032b7e","tintindex":0},"east":{"uv":[9.0,10.5,11.75,10.75],"rotation":0,"texture":"#fe47d81b-7d09-d9d1-2185-c92977032b7e","tintindex":0},"north":{"uv":[11.5,3.5,13.0,3.75],"rotation":0,"texture":"#fe47d81b-7d09-d9d1-2185-c92977032b7e","tintindex":0},"south":{"uv":[4.0,11.5,5.5,11.75],"rotation":0,"texture":"#fe47d81b-7d09-d9d1-2185-c92977032b7e","tintindex":0},"up":{"uv":[1.5,7.75,0.0,5.0],"rotation":0,"texture":"#fe47d81b-7d09-d9d1-2185-c92977032b7e","tintindex":0},"west":{"uv":[0.0,11.0,2.75,11.25],"rotation":0,"texture":"#fe47d81b-7d09-d9d1-2185-c92977032b7e","tintindex":0}}},{"name":"cube","from":[7.37,9.38,5.3],"to":[8.675,10.55,6.2],"rotation":{"angle":0.0,"axis":"x","origin":[8.0,8.3,8.0]},"faces":{"down":{"uv":[11.5,2.0,10.5,2.75],"rotation":0,"texture":"#fe47d81b-7d09-d9d1-2185-c92977032b7e","tintindex":0},"east":{"uv":[8.0,10.0,8.75,11.0],"rotation":0,"texture":"#fe47d81b-7d09-d9d1-2185-c92977032b7e","tintindex":0},"north":{"uv":[7.0,9.5,8.0,10.5],"rotation":0,"texture":"#fe47d81b-7d09-d9d1-2185-c92977032b7e","tintindex":0},"south":{"uv":[10.0,7.5,11.0,8.5],"rotation":0,"texture":"#fe47d81b-7d09-d9d1-2185-c92977032b7e","tintindex":0},"up":{"uv":[11.5,1.75,10.5,1.0],"rotation":0,"texture":"#fe47d81b-7d09-d9d1-2185-c92977032b7e","tintindex":0},"west":{"uv":[10.5,0.0,11.25,1.0],"rotation":0,"texture":"#fe47d81b-7d09-d9d1-2185-c92977032b7e","tintindex":0}}},{"name":"cube","from":[6.6499996,9.2,6.2],"to":[9.35,10.55,10.25],"rotation":{"angle":0.0,"axis":"x","origin":[8.0,8.3,8.0]},"faces":{"down":{"uv":[4.75,0.0,2.5,3.5],"rotation":0,"texture":"#fe47d81b-7d09-d9d1-2185-c92977032b7e","tintindex":0},"east":{"uv":[0.0,3.5,3.5,4.75],"rotation":0,"texture":"#fe47d81b-7d09-d9d1-2185-c92977032b7e","tintindex":0},"north":{"uv":[6.5,2.0,8.75,3.25],"rotation":0,"texture":"#fe47d81b-7d09-d9d1-2185-c92977032b7e","tintindex":0},"south":{"uv":[6.5,5.0,8.75,6.25],"rotation":0,"texture":"#fe47d81b-7d09-d9d1-2185-c92977032b7e","tintindex":0},"up":{"uv":[2.25,3.5,0.0,0.0],"rotation":0,"texture":"#fe47d81b-7d09-d9d1-2185-c92977032b7e","tintindex":0},"west":{"uv":[3.5,3.5,7.0,4.75],"rotation":0,"texture":"#fe47d81b-7d09-d9d1-2185-c92977032b7e","tintindex":0}}}],"display":{"head":{"translation":[0.0,-6.4,0.0],"rotation":[0.0,0.0,0.0],"scale":[3.8095,3.8095,3.8095]},"gui":{"translation":[0.0,0.0,0.0],"rotation":[35.0,225.0,0.0],"scale":[0.625,0.625,0.625]}}}