{"file_name":"body","texture_size":[64,64],"textures":{"de9ddf20-b955-1dfb-0d26-c53d07b1f7a5":"modelengine:entity/skeleton1"},"elements":[{"name":"body","from":[5.6,0.7999997,6.8],"to":[10.4,8.0,9.2],"rotation":{"angle":0.0,"axis":"x","origin":[8.0,-6.4000006,8.0]},"faces":{"down":{"uv":[9.0,4.0,7.0,5.0],"rotation":0,"texture":"#de9ddf20-b955-1dfb-0d26-c53d07b1f7a5","tintindex":0},"east":{"uv":[4.0,5.0,5.0,8.0],"rotation":0,"texture":"#de9ddf20-b955-1dfb-0d26-c53d07b1f7a5","tintindex":0},"north":{"uv":[5.0,5.0,7.0,8.0],"rotation":0,"texture":"#de9ddf20-b955-1dfb-0d26-c53d07b1f7a5","tintindex":0},"south":{"uv":[8.0,5.0,10.0,8.0],"rotation":0,"texture":"#de9ddf20-b955-1dfb-0d26-c53d07b1f7a5","tintindex":0},"up":{"uv":[7.0,5.0,5.0,4.0],"rotation":0,"texture":"#de9ddf20-b955-1dfb-0d26-c53d07b1f7a5","tintindex":0},"west":{"uv":[7.0,5.0,8.0,8.0],"rotation":0,"texture":"#de9ddf20-b955-1dfb-0d26-c53d07b1f7a5","tintindex":0}}},{"name":"cube","from":[5.6,0.7999997,9.2],"to":[10.4,1.3999997,9.35],"rotation":{"angle":0.0,"axis":"x","origin":[8.0,-8.200001,9.2]},"faces":{"down":{"uv":[4.0,8.25,2.0,8.25],"rotation":0,"texture":"#de9ddf20-b955-1dfb-0d26-c53d07b1f7a5","tintindex":0},"east":{"uv":[0.0,8.25,0.0,8.5],"rotation":0,"texture":"#de9ddf20-b955-1dfb-0d26-c53d07b1f7a5","tintindex":0},"north":{"uv":[0.0,8.25,2.0,8.5],"rotation":0,"texture":"#de9ddf20-b955-1dfb-0d26-c53d07b1f7a5","tintindex":0},"south":{"uv":[2.0,8.25,4.0,8.5],"rotation":0,"texture":"#de9ddf20-b955-1dfb-0d26-c53d07b1f7a5","tintindex":0},"up":{"uv":[2.0,8.25,0.0,8.25],"rotation":0,"texture":"#de9ddf20-b955-1dfb-0d26-c53d07b1f7a5","tintindex":0},"west":{"uv":[2.0,8.25,2.0,8.5],"rotation":0,"texture":"#de9ddf20-b955-1dfb-0d26-c53d07b1f7a5","tintindex":0}}},{"name":"cube","from":[6.2,1.3999997,9.2],"to":[9.65,1.9999998,9.35],"rotation":{"angle":0.0,"axis":"x","origin":[8.0,-7.6000004,9.2]},"faces":{"down":{"uv":[2.5,8.25,1.25,8.25],"rotation":0,"texture":"#de9ddf20-b955-1dfb-0d26-c53d07b1f7a5","tintindex":0},"east":{"uv":[0.0,8.25,0.0,8.5],"rotation":0,"texture":"#de9ddf20-b955-1dfb-0d26-c53d07b1f7a5","tintindex":0},"north":{"uv":[0.0,8.25,1.25,8.5],"rotation":0,"texture":"#de9ddf20-b955-1dfb-0d26-c53d07b1f7a5","tintindex":0},"south":{"uv":[1.25,8.25,2.5,8.5],"rotation":0,"texture":"#de9ddf20-b955-1dfb-0d26-c53d07b1f7a5","tintindex":0},"up":{"uv":[1.25,8.25,0.0,8.25],"rotation":0,"texture":"#de9ddf20-b955-1dfb-0d26-c53d07b1f7a5","tintindex":0},"west":{"uv":[1.25,8.25,1.25,8.5],"rotation":0,"texture":"#de9ddf20-b955-1dfb-0d26-c53d07b1f7a5","tintindex":0}}},{"name":"cube","from":[5.6,0.7999997,6.6499996],"to":[10.4,1.3999997,6.8],"rotation":{"angle":0.0,"axis":"x","origin":[8.0,-8.200001,6.5]},"faces":{"down":{"uv":[4.0,8.25,2.0,8.25],"rotation":0,"texture":"#de9ddf20-b955-1dfb-0d26-c53d07b1f7a5","tintindex":0},"east":{"uv":[0.0,8.25,0.0,8.5],"rotation":0,"texture":"#de9ddf20-b955-1dfb-0d26-c53d07b1f7a5","tintindex":0},"north":{"uv":[0.0,8.25,2.0,8.5],"rotation":0,"texture":"#de9ddf20-b955-1dfb-0d26-c53d07b1f7a5","tintindex":0},"south":{"uv":[2.0,8.25,4.0,8.5],"rotation":0,"texture":"#de9ddf20-b955-1dfb-0d26-c53d07b1f7a5","tintindex":0},"up":{"uv":[2.0,8.25,0.0,8.25],"rotation":0,"texture":"#de9ddf20-b955-1dfb-0d26-c53d07b1f7a5","tintindex":0},"west":{"uv":[2.0,8.25,2.0,8.5],"rotation":0,"texture":"#de9ddf20-b955-1dfb-0d26-c53d07b1f7a5","tintindex":0}}},{"name":"cube","from":[5.6,1.3999997,6.6499996],"to":[8.6,1.9999998,6.8],"rotation":{"angle":0.0,"axis":"x","origin":[8.0,-7.6000004,6.5]},"faces":{"down":{"uv":[2.5,8.25,1.25,8.25],"rotation":0,"texture":"#de9ddf20-b955-1dfb-0d26-c53d07b1f7a5","tintindex":0},"east":{"uv":[0.0,8.25,0.0,8.5],"rotation":0,"texture":"#de9ddf20-b955-1dfb-0d26-c53d07b1f7a5","tintindex":0},"north":{"uv":[0.0,8.25,1.25,8.5],"rotation":0,"texture":"#de9ddf20-b955-1dfb-0d26-c53d07b1f7a5","tintindex":0},"south":{"uv":[1.25,8.25,2.5,8.5],"rotation":0,"texture":"#de9ddf20-b955-1dfb-0d26-c53d07b1f7a5","tintindex":0},"up":{"uv":[1.25,8.25,0.0,8.25],"rotation":0,"texture":"#de9ddf20-b955-1dfb-0d26-c53d07b1f7a5","tintindex":0},"west":{"uv":[1.25,8.25,1.25,8.5],"rotation":0,"texture":"#de9ddf20-b955-1dfb-0d26-c53d07b1f7a5","tintindex":0}}},{"name":"cube","from":[5.45,0.7999997,6.6499996],"to":[5.6,1.3999997,9.35],"rotation":{"angle":0.0,"axis":"x","origin":[8.0,-8.200001,9.2]},"faces":{"down":{"uv":[1.0,8.25,1.0,9.25],"rotation":0,"texture":"#de9ddf20-b955-1dfb-0d26-c53d07b1f7a5","tintindex":0},"east":{"uv":[0.0,9.25,1.0,9.5],"rotation":0,"texture":"#de9ddf20-b955-1dfb-0d26-c53d07b1f7a5","tintindex":0},"north":{"uv":[1.0,9.25,1.0,9.5],"rotation":0,"texture":"#de9ddf20-b955-1dfb-0d26-c53d07b1f7a5","tintindex":0},"south":{"uv":[2.0,9.25,2.0,9.5],"rotation":0,"texture":"#de9ddf20-b955-1dfb-0d26-c53d07b1f7a5","tintindex":0},"up":{"uv":[1.0,9.25,1.0,8.25],"rotation":0,"texture":"#de9ddf20-b955-1dfb-0d26-c53d07b1f7a5","tintindex":0},"west":{"uv":[1.0,9.25,2.0,9.5],"rotation":0,"texture":"#de9ddf20-b955-1dfb-0d26-c53d07b1f7a5","tintindex":0}}},{"name":"cube","from":[10.4,0.7999997,6.6499996],"to":[10.55,1.3999997,9.35],"rotation":{"angle":0.0,"axis":"x","origin":[13.1,-8.200001,9.2]},"faces":{"down":{"uv":[1.0,8.25,1.0,9.25],"rotation":0,"texture":"#de9ddf20-b955-1dfb-0d26-c53d07b1f7a5","tintindex":0},"east":{"uv":[0.0,9.25,1.0,9.5],"rotation":0,"texture":"#de9ddf20-b955-1dfb-0d26-c53d07b1f7a5","tintindex":0},"north":{"uv":[1.0,9.25,1.0,9.5],"rotation":0,"texture":"#de9ddf20-b955-1dfb-0d26-c53d07b1f7a5","tintindex":0},"south":{"uv":[2.0,9.25,2.0,9.5],"rotation":0,"texture":"#de9ddf20-b955-1dfb-0d26-c53d07b1f7a5","tintindex":0},"up":{"uv":[1.0,9.25,1.0,8.25],"rotation":0,"texture":"#de9ddf20-b955-1dfb-0d26-c53d07b1f7a5","tintindex":0},"west":{"uv":[1.0,9.25,2.0,9.5],"rotation":0,"texture":"#de9ddf20-b955-1dfb-0d26-c53d07b1f7a5","tintindex":0}}},{"name":"cube","from":[9.8,0.6499996,6.8],"to":[10.4,0.7999997,9.2],"rotation":{"angle":0.0,"axis":"x","origin":[12.5,-8.8,9.2]},"faces":{"down":{"uv":[1.5,8.25,1.25,9.25],"rotation":0,"texture":"#de9ddf20-b955-1dfb-0d26-c53d07b1f7a5","tintindex":0},"east":{"uv":[0.0,9.25,1.0,9.25],"rotation":0,"texture":"#de9ddf20-b955-1dfb-0d26-c53d07b1f7a5","tintindex":0},"north":{"uv":[1.0,9.25,1.25,9.25],"rotation":0,"texture":"#de9ddf20-b955-1dfb-0d26-c53d07b1f7a5","tintindex":0},"south":{"uv":[2.25,9.25,2.5,9.25],"rotation":0,"texture":"#de9ddf20-b955-1dfb-0d26-c53d07b1f7a5","tintindex":0},"up":{"uv":[1.25,9.25,1.0,8.25],"rotation":0,"texture":"#de9ddf20-b955-1dfb-0d26-c53d07b1f7a5","tintindex":0},"west":{"uv":[1.25,9.25,2.25,9.25],"rotation":0,"texture":"#de9ddf20-b955-1dfb-0d26-c53d07b1f7a5","tintindex":0}}},{"name":"cube","from":[9.2,0.6499996,6.8],"to":[9.8,0.7999997,9.2],"rotation":{"angle":0.0,"axis":"x","origin":[11.900001,-8.8,9.2]},"faces":{"down":{"uv":[1.5,8.25,1.25,9.25],"rotation":0,"texture":"#de9ddf20-b955-1dfb-0d26-c53d07b1f7a5","tintindex":0},"east":{"uv":[0.0,9.25,1.0,9.25],"rotation":0,"texture":"#de9ddf20-b955-1dfb-0d26-c53d07b1f7a5","tintindex":0},"north":{"uv":[1.0,9.25,1.25,9.25],"rotation":0,"texture":"#de9ddf20-b955-1dfb-0d26-c53d07b1f7a5","tintindex":0},"south":{"uv":[2.25,9.25,2.5,9.25],"rotation":0,"texture":"#de9ddf20-b955-1dfb-0d26-c53d07b1f7a5","tintindex":0},"up":{"uv":[1.25,9.25,1.0,8.25],"rotation":0,"texture":"#de9ddf20-b955-1dfb-0d26-c53d07b1f7a5","tintindex":0},"west":{"uv":[1.25,9.25,2.25,9.25],"rotation":0,"texture":"#de9ddf20-b955-1dfb-0d26-c53d07b1f7a5","tintindex":0}}},{"name":"cube","from":[8.6,0.6499996,6.8],"to":[9.2,0.7999997,9.2],"rotation":{"angle":0.0,"axis":"x","origin":[11.3,-8.8,9.2]},"faces":{"down":{"uv":[1.5,8.25,1.25,9.25],"rotation":0,"texture":"#de9ddf20-b955-1dfb-0d26-c53d07b1f7a5","tintindex":0},"east":{"uv":[0.0,9.25,1.0,9.25],"rotation":0,"texture":"#de9ddf20-b955-1dfb-0d26-c53d07b1f7a5","tintindex":0},"north":{"uv":[1.0,9.25,1.25,9.25],"rotation":0,"texture":"#de9ddf20-b955-1dfb-0d26-c53d07b1f7a5","tintindex":0},"south":{"uv":[2.25,9.25,2.5,9.25],"rotation":0,"texture":"#de9ddf20-b955-1dfb-0d26-c53d07b1f7a5","tintindex":0},"up":{"uv":[1.25,9.25,1.0,8.25],"rotation":0,"texture":"#de9ddf20-b955-1dfb-0d26-c53d07b1f7a5","tintindex":0},"west":{"uv":[1.25,9.25,2.25,9.25],"rotation":0,"texture":"#de9ddf20-b955-1dfb-0d26-c53d07b1f7a5","tintindex":0}}},{"name":"cube","from":[8.0,0.6499996,6.8],"to":[8.6,0.7999997,9.2],"rotation":{"angle":0.0,"axis":"x","origin":[10.700001,-8.8,9.2]},"faces":{"down":{"uv":[1.5,8.25,1.25,9.25],"rotation":0,"texture":"#de9ddf20-b955-1dfb-0d26-c53d07b1f7a5","tintindex":0},"east":{"uv":[0.0,9.25,1.0,9.25],"rotation":0,"texture":"#de9ddf20-b955-1dfb-0d26-c53d07b1f7a5","tintindex":0},"north":{"uv":[1.0,9.25,1.25,9.25],"rotation":0,"texture":"#de9ddf20-b955-1dfb-0d26-c53d07b1f7a5","tintindex":0},"south":{"uv":[2.25,9.25,2.5,9.25],"rotation":0,"texture":"#de9ddf20-b955-1dfb-0d26-c53d07b1f7a5","tintindex":0},"up":{"uv":[1.25,9.25,1.0,8.25],"rotation":0,"texture":"#de9ddf20-b955-1dfb-0d26-c53d07b1f7a5","tintindex":0},"west":{"uv":[1.25,9.25,2.25,9.25],"rotation":0,"texture":"#de9ddf20-b955-1dfb-0d26-c53d07b1f7a5","tintindex":0}}},{"name":"cube","from":[7.4,0.6499996,6.8],"to":[8.0,0.7999997,9.2],"rotation":{"angle":0.0,"axis":"x","origin":[10.1,-8.8,9.2]},"faces":{"down":{"uv":[1.5,8.25,1.25,9.25],"rotation":0,"texture":"#de9ddf20-b955-1dfb-0d26-c53d07b1f7a5","tintindex":0},"east":{"uv":[0.0,9.25,1.0,9.25],"rotation":0,"texture":"#de9ddf20-b955-1dfb-0d26-c53d07b1f7a5","tintindex":0},"north":{"uv":[1.0,9.25,1.25,9.25],"rotation":0,"texture":"#de9ddf20-b955-1dfb-0d26-c53d07b1f7a5","tintindex":0},"south":{"uv":[2.25,9.25,2.5,9.25],"rotation":0,"texture":"#de9ddf20-b955-1dfb-0d26-c53d07b1f7a5","tintindex":0},"up":{"uv":[1.25,9.25,1.0,8.25],"rotation":0,"texture":"#de9ddf20-b955-1dfb-0d26-c53d07b1f7a5","tintindex":0},"west":{"uv":[1.25,9.25,2.25,9.25],"rotation":0,"texture":"#de9ddf20-b955-1dfb-0d26-c53d07b1f7a5","tintindex":0}}},{"name":"cube","from":[6.8,0.6499996,6.8],"to":[7.4,0.7999997,9.2],"rotation":{"angle":0.0,"axis":"x","origin":[9.5,-8.8,9.2]},"faces":{"down":{"uv":[1.5,8.25,1.25,9.25],"rotation":0,"texture":"#de9ddf20-b955-1dfb-0d26-c53d07b1f7a5","tintindex":0},"east":{"uv":[0.0,9.25,1.0,9.25],"rotation":0,"texture":"#de9ddf20-b955-1dfb-0d26-c53d07b1f7a5","tintindex":0},"north":{"uv":[1.0,9.25,1.25,9.25],"rotation":0,"texture":"#de9ddf20-b955-1dfb-0d26-c53d07b1f7a5","tintindex":0},"south":{"uv":[2.25,9.25,2.5,9.25],"rotation":0,"texture":"#de9ddf20-b955-1dfb-0d26-c53d07b1f7a5","tintindex":0},"up":{"uv":[1.25,9.25,1.0,8.25],"rotation":0,"texture":"#de9ddf20-b955-1dfb-0d26-c53d07b1f7a5","tintindex":0},"west":{"uv":[1.25,9.25,2.25,9.25],"rotation":0,"texture":"#de9ddf20-b955-1dfb-0d26-c53d07b1f7a5","tintindex":0}}},{"name":"cube","from":[6.2,0.6499996,6.8],"to":[6.8,0.7999997,9.2],"rotation":{"angle":0.0,"axis":"x","origin":[8.9,-8.8,9.2]},"faces":{"down":{"uv":[1.5,8.25,1.25,9.25],"rotation":0,"texture":"#de9ddf20-b955-1dfb-0d26-c53d07b1f7a5","tintindex":0},"east":{"uv":[0.0,9.25,1.0,9.25],"rotation":0,"texture":"#de9ddf20-b955-1dfb-0d26-c53d07b1f7a5","tintindex":0},"north":{"uv":[1.0,9.25,1.25,9.25],"rotation":0,"texture":"#de9ddf20-b955-1dfb-0d26-c53d07b1f7a5","tintindex":0},"south":{"uv":[2.25,9.25,2.5,9.25],"rotation":0,"texture":"#de9ddf20-b955-1dfb-0d26-c53d07b1f7a5","tintindex":0},"up":{"uv":[1.25,9.25,1.0,8.25],"rotation":0,"texture":"#de9ddf20-b955-1dfb-0d26-c53d07b1f7a5","tintindex":0},"west":{"uv":[1.25,9.25,2.25,9.25],"rotation":0,"texture":"#de9ddf20-b955-1dfb-0d26-c53d07b1f7a5","tintindex":0}}},{"name":"cube","from":[5.6,0.6499996,6.8],"to":[6.2,0.7999997,9.2],"rotation":{"angle":0.0,"axis":"x","origin":[8.3,-8.8,9.2]},"faces":{"down":{"uv":[1.5,8.25,1.25,9.25],"rotation":0,"texture":"#de9ddf20-b955-1dfb-0d26-c53d07b1f7a5","tintindex":0},"east":{"uv":[0.0,9.25,1.0,9.25],"rotation":0,"texture":"#de9ddf20-b955-1dfb-0d26-c53d07b1f7a5","tintindex":0},"north":{"uv":[1.0,9.25,1.25,9.25],"rotation":0,"texture":"#de9ddf20-b955-1dfb-0d26-c53d07b1f7a5","tintindex":0},"south":{"uv":[2.25,9.25,2.5,9.25],"rotation":0,"texture":"#de9ddf20-b955-1dfb-0d26-c53d07b1f7a5","tintindex":0},"up":{"uv":[1.25,9.25,1.0,8.25],"rotation":0,"texture":"#de9ddf20-b955-1dfb-0d26-c53d07b1f7a5","tintindex":0},"west":{"uv":[1.25,9.25,2.25,9.25],"rotation":0,"texture":"#de9ddf20-b955-1dfb-0d26-c53d07b1f7a5","tintindex":0}}},{"name":"cube","from":[9.05,8.0,6.6499996],"to":[10.4,8.15,9.35],"rotation":{"angle":0.0,"axis":"x","origin":[9.8,8.0,8.6]},"faces":{"down":{"uv":[6.25,8.75,5.75,9.75],"rotation":0,"texture":"#de9ddf20-b955-1dfb-0d26-c53d07b1f7a5","tintindex":0},"east":{"uv":[4.25,9.75,5.25,9.75],"rotation":0,"texture":"#de9ddf20-b955-1dfb-0d26-c53d07b1f7a5","tintindex":0},"north":{"uv":[5.25,9.75,5.75,9.75],"rotation":0,"texture":"#de9ddf20-b955-1dfb-0d26-c53d07b1f7a5","tintindex":0},"south":{"uv":[6.75,9.75,7.25,9.75],"rotation":0,"texture":"#de9ddf20-b955-1dfb-0d26-c53d07b1f7a5","tintindex":0},"up":{"uv":[5.75,9.75,5.25,8.75],"rotation":0,"texture":"#de9ddf20-b955-1dfb-0d26-c53d07b1f7a5","tintindex":0},"west":{"uv":[5.75,9.75,6.75,9.75],"rotation":0,"texture":"#de9ddf20-b955-1dfb-0d26-c53d07b1f7a5","tintindex":0}}},{"name":"cube","from":[9.65,6.6499996,6.6499996],"to":[10.4,8.0,6.8],"rotation":{"angle":0.0,"axis":"x","origin":[9.8,7.85,6.2]},"faces":{"down":{"uv":[4.75,8.75,4.5,8.75],"rotation":0,"texture":"#de9ddf20-b955-1dfb-0d26-c53d07b1f7a5","tintindex":0},"east":{"uv":[4.25,8.75,4.25,9.25],"rotation":0,"texture":"#de9ddf20-b955-1dfb-0d26-c53d07b1f7a5","tintindex":0},"north":{"uv":[4.25,8.75,4.5,9.25],"rotation":0,"texture":"#de9ddf20-b955-1dfb-0d26-c53d07b1f7a5","tintindex":0},"south":{"uv":[4.5,8.75,4.75,9.25],"rotation":0,"texture":"#de9ddf20-b955-1dfb-0d26-c53d07b1f7a5","tintindex":0},"up":{"uv":[4.5,8.75,4.25,8.75],"rotation":0,"texture":"#de9ddf20-b955-1dfb-0d26-c53d07b1f7a5","tintindex":0},"west":{"uv":[4.5,8.75,4.5,9.25],"rotation":0,"texture":"#de9ddf20-b955-1dfb-0d26-c53d07b1f7a5","tintindex":0}}},{"name":"cube","from":[5.45,4.85,6.6499996],"to":[6.35,8.0,6.8],"rotation":{"angle":0.0,"axis":"x","origin":[5.75,7.85,6.2]},"faces":{"down":{"uv":[4.75,8.75,4.5,8.75],"rotation":0,"texture":"#de9ddf20-b955-1dfb-0d26-c53d07b1f7a5","tintindex":0},"east":{"uv":[4.25,8.75,4.25,10.0],"rotation":0,"texture":"#de9ddf20-b955-1dfb-0d26-c53d07b1f7a5","tintindex":0},"north":{"uv":[4.25,8.75,4.5,10.0],"rotation":0,"texture":"#de9ddf20-b955-1dfb-0d26-c53d07b1f7a5","tintindex":0},"south":{"uv":[4.5,8.75,4.75,10.0],"rotation":0,"texture":"#de9ddf20-b955-1dfb-0d26-c53d07b1f7a5","tintindex":0},"up":{"uv":[4.5,8.75,4.25,8.75],"rotation":0,"texture":"#de9ddf20-b955-1dfb-0d26-c53d07b1f7a5","tintindex":0},"west":{"uv":[4.5,8.75,4.5,10.0],"rotation":0,"texture":"#de9ddf20-b955-1dfb-0d26-c53d07b1f7a5","tintindex":0}}},{"name":"cube","from":[5.45,6.05,6.8],"to":[5.6,8.0,9.2],"rotation":{"angle":0.0,"axis":"x","origin":[5.0,7.85,6.35]},"faces":{"down":{"uv":[6.75,8.0,6.75,9.0],"rotation":0,"texture":"#de9ddf20-b955-1dfb-0d26-c53d07b1f7a5","tintindex":0},"east":{"uv":[5.75,9.0,6.75,9.75],"rotation":0,"texture":"#de9ddf20-b955-1dfb-0d26-c53d07b1f7a5","tintindex":0},"north":{"uv":[6.75,9.0,6.75,9.75],"rotation":0,"texture":"#de9ddf20-b955-1dfb-0d26-c53d07b1f7a5","tintindex":0},"south":{"uv":[7.75,9.0,7.75,9.75],"rotation":0,"texture":"#de9ddf20-b955-1dfb-0d26-c53d07b1f7a5","tintindex":0},"up":{"uv":[6.75,9.0,6.75,8.0],"rotation":0,"texture":"#de9ddf20-b955-1dfb-0d26-c53d07b1f7a5","tintindex":0},"west":{"uv":[6.75,9.0,7.75,9.75],"rotation":0,"texture":"#de9ddf20-b955-1dfb-0d26-c53d07b1f7a5","tintindex":0}}},{"name":"cube","from":[5.45,3.6499999,6.8],"to":[5.6,6.8,7.4],"rotation":{"angle":0.0,"axis":"x","origin":[5.0,6.6499996,6.35]},"faces":{"down":{"uv":[5.25,8.0,5.25,8.25],"rotation":0,"texture":"#de9ddf20-b955-1dfb-0d26-c53d07b1f7a5","tintindex":0},"east":{"uv":[5.0,8.25,5.25,9.5],"rotation":0,"texture":"#de9ddf20-b955-1dfb-0d26-c53d07b1f7a5","tintindex":0},"north":{"uv":[5.25,8.25,5.25,9.5],"rotation":0,"texture":"#de9ddf20-b955-1dfb-0d26-c53d07b1f7a5","tintindex":0},"south":{"uv":[5.5,8.25,5.5,9.5],"rotation":0,"texture":"#de9ddf20-b955-1dfb-0d26-c53d07b1f7a5","tintindex":0},"up":{"uv":[5.25,8.25,5.25,8.0],"rotation":0,"texture":"#de9ddf20-b955-1dfb-0d26-c53d07b1f7a5","tintindex":0},"west":{"uv":[5.25,8.25,5.5,9.5],"rotation":0,"texture":"#de9ddf20-b955-1dfb-0d26-c53d07b1f7a5","tintindex":0}}},{"name":"cube","from":[6.35,6.05,6.6499996],"to":[6.95,8.0,6.8],"rotation":{"angle":0.0,"axis":"x","origin":[6.35,7.85,6.2]},"faces":{"down":{"uv":[4.75,8.75,4.5,8.75],"rotation":0,"texture":"#de9ddf20-b955-1dfb-0d26-c53d07b1f7a5","tintindex":0},"east":{"uv":[4.25,8.75,4.25,9.5],"rotation":0,"texture":"#de9ddf20-b955-1dfb-0d26-c53d07b1f7a5","tintindex":0},"north":{"uv":[4.25,8.75,4.5,9.5],"rotation":0,"texture":"#de9ddf20-b955-1dfb-0d26-c53d07b1f7a5","tintindex":0},"south":{"uv":[4.5,8.75,4.75,9.5],"rotation":0,"texture":"#de9ddf20-b955-1dfb-0d26-c53d07b1f7a5","tintindex":0},"up":{"uv":[4.5,8.75,4.25,8.75],"rotation":0,"texture":"#de9ddf20-b955-1dfb-0d26-c53d07b1f7a5","tintindex":0},"west":{"uv":[4.5,8.75,4.5,9.5],"rotation":0,"texture":"#de9ddf20-b955-1dfb-0d26-c53d07b1f7a5","tintindex":0}}},{"name":"cube","from":[6.95,6.6499996,6.6499996],"to":[8.15,8.0,6.8],"rotation":{"angle":0.0,"axis":"x","origin":[6.95,7.85,6.2]},"faces":{"down":{"uv":[5.25,8.75,4.75,8.75],"rotation":0,"texture":"#de9ddf20-b955-1dfb-0d26-c53d07b1f7a5","tintindex":0},"east":{"uv":[4.25,8.75,4.25,9.25],"rotation":0,"texture":"#de9ddf20-b955-1dfb-0d26-c53d07b1f7a5","tintindex":0},"north":{"uv":[4.25,8.75,4.75,9.25],"rotation":0,"texture":"#de9ddf20-b955-1dfb-0d26-c53d07b1f7a5","tintindex":0},"south":{"uv":[4.75,8.75,5.25,9.25],"rotation":0,"texture":"#de9ddf20-b955-1dfb-0d26-c53d07b1f7a5","tintindex":0},"up":{"uv":[4.75,8.75,4.25,8.75],"rotation":0,"texture":"#de9ddf20-b955-1dfb-0d26-c53d07b1f7a5","tintindex":0},"west":{"uv":[4.75,8.75,4.75,9.25],"rotation":0,"texture":"#de9ddf20-b955-1dfb-0d26-c53d07b1f7a5","tintindex":0}}},{"name":"cube","from":[5.6,6.6499996,9.2],"to":[8.15,8.0,9.35],"rotation":{"angle":0.0,"axis":"x","origin":[6.95,7.85,8.75]},"faces":{"down":{"uv":[6.25,8.75,5.25,8.75],"rotation":0,"texture":"#de9ddf20-b955-1dfb-0d26-c53d07b1f7a5","tintindex":0},"east":{"uv":[4.25,8.75,4.25,9.25],"rotation":0,"texture":"#de9ddf20-b955-1dfb-0d26-c53d07b1f7a5","tintindex":0},"north":{"uv":[4.25,8.75,5.25,9.25],"rotation":0,"texture":"#de9ddf20-b955-1dfb-0d26-c53d07b1f7a5","tintindex":0},"south":{"uv":[5.25,8.75,6.25,9.25],"rotation":0,"texture":"#de9ddf20-b955-1dfb-0d26-c53d07b1f7a5","tintindex":0},"up":{"uv":[5.25,8.75,4.25,8.75],"rotation":0,"texture":"#de9ddf20-b955-1dfb-0d26-c53d07b1f7a5","tintindex":0},"west":{"uv":[5.25,8.75,5.25,9.25],"rotation":0,"texture":"#de9ddf20-b955-1dfb-0d26-c53d07b1f7a5","tintindex":0}}},{"name":"cube","from":[6.2,5.45,9.2],"to":[8.15,6.6499996,9.35],"rotation":{"angle":0.0,"axis":"x","origin":[6.95,6.6499996,8.75]},"faces":{"down":{"uv":[5.75,8.75,5.0,8.75],"rotation":0,"texture":"#de9ddf20-b955-1dfb-0d26-c53d07b1f7a5","tintindex":0},"east":{"uv":[4.25,8.75,4.25,9.25],"rotation":0,"texture":"#de9ddf20-b955-1dfb-0d26-c53d07b1f7a5","tintindex":0},"north":{"uv":[4.25,8.75,5.0,9.25],"rotation":0,"texture":"#de9ddf20-b955-1dfb-0d26-c53d07b1f7a5","tintindex":0},"south":{"uv":[5.0,8.75,5.75,9.25],"rotation":0,"texture":"#de9ddf20-b955-1dfb-0d26-c53d07b1f7a5","tintindex":0},"up":{"uv":[5.0,8.75,4.25,8.75],"rotation":0,"texture":"#de9ddf20-b955-1dfb-0d26-c53d07b1f7a5","tintindex":0},"west":{"uv":[5.0,8.75,5.0,9.25],"rotation":0,"texture":"#de9ddf20-b955-1dfb-0d26-c53d07b1f7a5","tintindex":0}}},{"name":"cube","from":[7.4,4.25,9.2],"to":[8.15,5.45,9.35],"rotation":{"angle":0.0,"axis":"x","origin":[6.95,5.45,8.75]},"faces":{"down":{"uv":[4.75,8.75,4.5,8.75],"rotation":0,"texture":"#de9ddf20-b955-1dfb-0d26-c53d07b1f7a5","tintindex":0},"east":{"uv":[4.25,8.75,4.25,9.25],"rotation":0,"texture":"#de9ddf20-b955-1dfb-0d26-c53d07b1f7a5","tintindex":0},"north":{"uv":[4.25,8.75,4.5,9.25],"rotation":0,"texture":"#de9ddf20-b955-1dfb-0d26-c53d07b1f7a5","tintindex":0},"south":{"uv":[4.5,8.75,4.75,9.25],"rotation":0,"texture":"#de9ddf20-b955-1dfb-0d26-c53d07b1f7a5","tintindex":0},"up":{"uv":[4.5,8.75,4.25,8.75],"rotation":0,"texture":"#de9ddf20-b955-1dfb-0d26-c53d07b1f7a5","tintindex":0},"west":{"uv":[4.5,8.75,4.5,9.25],"rotation":0,"texture":"#de9ddf20-b955-1dfb-0d26-c53d07b1f7a5","tintindex":0}}},{"name":"cube","from":[8.15,6.8,9.2],"to":[10.4,8.0,9.35],"rotation":{"angle":0.0,"axis":"x","origin":[9.2,7.85,8.75]},"faces":{"down":{"uv":[5.75,8.75,5.0,8.75],"rotation":0,"texture":"#de9ddf20-b955-1dfb-0d26-c53d07b1f7a5","tintindex":0},"east":{"uv":[4.25,8.75,4.25,9.25],"rotation":0,"texture":"#de9ddf20-b955-1dfb-0d26-c53d07b1f7a5","tintindex":0},"north":{"uv":[4.25,8.75,5.0,9.25],"rotation":0,"texture":"#de9ddf20-b955-1dfb-0d26-c53d07b1f7a5","tintindex":0},"south":{"uv":[5.0,8.75,5.75,9.25],"rotation":0,"texture":"#de9ddf20-b955-1dfb-0d26-c53d07b1f7a5","tintindex":0},"up":{"uv":[5.0,8.75,4.25,8.75],"rotation":0,"texture":"#de9ddf20-b955-1dfb-0d26-c53d07b1f7a5","tintindex":0},"west":{"uv":[5.0,8.75,5.0,9.25],"rotation":0,"texture":"#de9ddf20-b955-1dfb-0d26-c53d07b1f7a5","tintindex":0}}},{"name":"cube","from":[8.9,6.6499996,6.6499996],"to":[9.65,7.4,6.8],"rotation":{"angle":0.0,"axis":"x","origin":[9.05,7.85,6.2]},"faces":{"down":{"uv":[4.75,8.75,4.5,8.75],"rotation":0,"texture":"#de9ddf20-b955-1dfb-0d26-c53d07b1f7a5","tintindex":0},"east":{"uv":[4.25,8.75,4.25,9.0],"rotation":0,"texture":"#de9ddf20-b955-1dfb-0d26-c53d07b1f7a5","tintindex":0},"north":{"uv":[4.25,8.75,4.5,9.0],"rotation":0,"texture":"#de9ddf20-b955-1dfb-0d26-c53d07b1f7a5","tintindex":0},"south":{"uv":[4.5,8.75,4.75,9.0],"rotation":0,"texture":"#de9ddf20-b955-1dfb-0d26-c53d07b1f7a5","tintindex":0},"up":{"uv":[4.5,8.75,4.25,8.75],"rotation":0,"texture":"#de9ddf20-b955-1dfb-0d26-c53d07b1f7a5","tintindex":0},"west":{"uv":[4.5,8.75,4.5,9.0],"rotation":0,"texture":"#de9ddf20-b955-1dfb-0d26-c53d07b1f7a5","tintindex":0}}},{"name":"cube","from":[6.95,8.0,8.9],"to":[9.2,8.15,9.35],"rotation":{"angle":0.0,"axis":"x","origin":[8.6,8.0,8.6]},"faces":{"down":{"uv":[5.75,8.75,5.0,8.75],"rotation":0,"texture":"#de9ddf20-b955-1dfb-0d26-c53d07b1f7a5","tintindex":0},"east":{"uv":[4.25,8.75,4.25,8.75],"rotation":0,"texture":"#de9ddf20-b955-1dfb-0d26-c53d07b1f7a5","tintindex":0},"north":{"uv":[4.25,8.75,5.0,8.75],"rotation":0,"texture":"#de9ddf20-b955-1dfb-0d26-c53d07b1f7a5","tintindex":0},"south":{"uv":[5.0,8.75,5.75,8.75],"rotation":0,"texture":"#de9ddf20-b955-1dfb-0d26-c53d07b1f7a5","tintindex":0},"up":{"uv":[5.0,8.75,4.25,8.75],"rotation":0,"texture":"#de9ddf20-b955-1dfb-0d26-c53d07b1f7a5","tintindex":0},"west":{"uv":[5.0,8.75,5.0,8.75],"rotation":0,"texture":"#de9ddf20-b955-1dfb-0d26-c53d07b1f7a5","tintindex":0}}},{"name":"cube","from":[6.95,8.0,6.6499996],"to":[8.45,8.15,6.95],"rotation":{"angle":0.0,"axis":"x","origin":[8.0,8.0,6.2]},"faces":{"down":{"uv":[5.25,8.75,4.75,8.75],"rotation":0,"texture":"#de9ddf20-b955-1dfb-0d26-c53d07b1f7a5","tintindex":0},"east":{"uv":[4.25,8.75,4.25,8.75],"rotation":0,"texture":"#de9ddf20-b955-1dfb-0d26-c53d07b1f7a5","tintindex":0},"north":{"uv":[4.25,8.75,4.75,8.75],"rotation":0,"texture":"#de9ddf20-b955-1dfb-0d26-c53d07b1f7a5","tintindex":0},"south":{"uv":[4.75,8.75,5.25,8.75],"rotation":0,"texture":"#de9ddf20-b955-1dfb-0d26-c53d07b1f7a5","tintindex":0},"up":{"uv":[4.75,8.75,4.25,8.75],"rotation":0,"texture":"#de9ddf20-b955-1dfb-0d26-c53d07b1f7a5","tintindex":0},"west":{"uv":[4.75,8.75,4.75,8.75],"rotation":0,"texture":"#de9ddf20-b955-1dfb-0d26-c53d07b1f7a5","tintindex":0}}},{"name":"cube","from":[5.45,8.0,6.6499996],"to":[6.95,8.15,9.35],"rotation":{"angle":0.0,"axis":"x","origin":[6.35,8.0,8.6]},"faces":{"down":{"uv":[6.25,8.75,5.75,9.75],"rotation":0,"texture":"#de9ddf20-b955-1dfb-0d26-c53d07b1f7a5","tintindex":0},"east":{"uv":[4.25,9.75,5.25,9.75],"rotation":0,"texture":"#de9ddf20-b955-1dfb-0d26-c53d07b1f7a5","tintindex":0},"north":{"uv":[5.25,9.75,5.75,9.75],"rotation":0,"texture":"#de9ddf20-b955-1dfb-0d26-c53d07b1f7a5","tintindex":0},"south":{"uv":[6.75,9.75,7.25,9.75],"rotation":0,"texture":"#de9ddf20-b955-1dfb-0d26-c53d07b1f7a5","tintindex":0},"up":{"uv":[5.75,9.75,5.25,8.75],"rotation":0,"texture":"#de9ddf20-b955-1dfb-0d26-c53d07b1f7a5","tintindex":0},"west":{"uv":[5.75,9.75,6.75,9.75],"rotation":0,"texture":"#de9ddf20-b955-1dfb-0d26-c53d07b1f7a5","tintindex":0}}}],"display":{"head":{"translation":[0.0,-6.4,0.0],"rotation":[0.0,0.0,0.0],"scale":[3.8095,3.8095,3.8095]},"gui":{"translation":[0.0,0.0,0.0],"rotation":[35.0,225.0,0.0],"scale":[0.625,0.625,0.625]}}}