{"file_name":"head","texture_size":[64,64],"textures":{"de9ddf20-b955-1dfb-0d26-c53d07b1f7a5":"modelengine:entity/skeleton1"},"elements":[{"name":"head","from":[5.6,8.0,5.6],"to":[10.4,12.8,10.4],"rotation":{"angle":0.0,"axis":"x","origin":[8.0,-6.4000006,8.0]},"faces":{"down":{"uv":[6.0,0.0,4.0,2.0],"rotation":0,"texture":"#de9ddf20-b955-1dfb-0d26-c53d07b1f7a5","tintindex":0},"east":{"uv":[0.0,2.0,2.0,4.0],"rotation":0,"texture":"#de9ddf20-b955-1dfb-0d26-c53d07b1f7a5","tintindex":0},"north":{"uv":[2.0,2.0,4.0,4.0],"rotation":0,"texture":"#de9ddf20-b955-1dfb-0d26-c53d07b1f7a5","tintindex":0},"south":{"uv":[6.0,2.0,8.0,4.0],"rotation":0,"texture":"#de9ddf20-b955-1dfb-0d26-c53d07b1f7a5","tintindex":0},"up":{"uv":[4.0,2.0,2.0,0.0],"rotation":0,"texture":"#de9ddf20-b955-1dfb-0d26-c53d07b1f7a5","tintindex":0},"west":{"uv":[4.0,2.0,6.0,4.0],"rotation":0,"texture":"#de9ddf20-b955-1dfb-0d26-c53d07b1f7a5","tintindex":0}}},{"name":"cube","from":[5.45,8.0,5.45],"to":[10.55,8.75,5.6],"rotation":{"angle":0.0,"axis":"x","origin":[8.0,-1.0000005,5.3]},"faces":{"down":{"uv":[4.0,8.25,2.0,8.25],"rotation":0,"texture":"#de9ddf20-b955-1dfb-0d26-c53d07b1f7a5","tintindex":0},"east":{"uv":[0.0,8.25,0.0,8.5],"rotation":0,"texture":"#de9ddf20-b955-1dfb-0d26-c53d07b1f7a5","tintindex":0},"north":{"uv":[0.0,8.25,2.0,8.5],"rotation":0,"texture":"#de9ddf20-b955-1dfb-0d26-c53d07b1f7a5","tintindex":0},"south":{"uv":[2.0,8.25,4.0,8.5],"rotation":0,"texture":"#de9ddf20-b955-1dfb-0d26-c53d07b1f7a5","tintindex":0},"up":{"uv":[2.0,8.25,0.0,8.25],"rotation":0,"texture":"#de9ddf20-b955-1dfb-0d26-c53d07b1f7a5","tintindex":0},"west":{"uv":[2.0,8.25,2.0,8.5],"rotation":0,"texture":"#de9ddf20-b955-1dfb-0d26-c53d07b1f7a5","tintindex":0}}},{"name":"cube","from":[5.45,8.0,10.4],"to":[10.55,8.75,10.55],"rotation":{"angle":0.0,"axis":"x","origin":[8.0,-1.0000005,10.25]},"faces":{"down":{"uv":[4.0,8.25,2.0,8.25],"rotation":0,"texture":"#de9ddf20-b955-1dfb-0d26-c53d07b1f7a5","tintindex":0},"east":{"uv":[0.0,8.25,0.0,8.5],"rotation":0,"texture":"#de9ddf20-b955-1dfb-0d26-c53d07b1f7a5","tintindex":0},"north":{"uv":[0.0,8.25,2.0,8.5],"rotation":0,"texture":"#de9ddf20-b955-1dfb-0d26-c53d07b1f7a5","tintindex":0},"south":{"uv":[2.0,8.25,4.0,8.5],"rotation":0,"texture":"#de9ddf20-b955-1dfb-0d26-c53d07b1f7a5","tintindex":0},"up":{"uv":[2.0,8.25,0.0,8.25],"rotation":0,"texture":"#de9ddf20-b955-1dfb-0d26-c53d07b1f7a5","tintindex":0},"west":{"uv":[2.0,8.25,2.0,8.5],"rotation":0,"texture":"#de9ddf20-b955-1dfb-0d26-c53d07b1f7a5","tintindex":0}}},{"name":"cube","from":[5.45,10.4,5.45],"to":[10.55,11.15,5.6],"rotation":{"angle":0.0,"axis":"x","origin":[8.0,1.3999997,5.3]},"faces":{"down":{"uv":[4.0,8.25,2.0,8.25],"rotation":0,"texture":"#de9ddf20-b955-1dfb-0d26-c53d07b1f7a5","tintindex":0},"east":{"uv":[0.0,8.25,0.0,8.5],"rotation":0,"texture":"#de9ddf20-b955-1dfb-0d26-c53d07b1f7a5","tintindex":0},"north":{"uv":[0.0,8.25,2.0,8.5],"rotation":0,"texture":"#de9ddf20-b955-1dfb-0d26-c53d07b1f7a5","tintindex":0},"south":{"uv":[2.0,8.25,4.0,8.5],"rotation":0,"texture":"#de9ddf20-b955-1dfb-0d26-c53d07b1f7a5","tintindex":0},"up":{"uv":[2.0,8.25,0.0,8.25],"rotation":0,"texture":"#de9ddf20-b955-1dfb-0d26-c53d07b1f7a5","tintindex":0},"west":{"uv":[2.0,8.25,2.0,8.5],"rotation":0,"texture":"#de9ddf20-b955-1dfb-0d26-c53d07b1f7a5","tintindex":0}}},{"name":"cube","from":[5.45,9.65,10.4],"to":[10.55,10.4,10.55],"rotation":{"angle":0.0,"axis":"x","origin":[8.0,0.6499996,10.25]},"faces":{"down":{"uv":[7.5,8.5,5.5,8.5],"rotation":0,"texture":"#de9ddf20-b955-1dfb-0d26-c53d07b1f7a5","tintindex":0},"east":{"uv":[3.5,8.5,3.5,8.75],"rotation":0,"texture":"#de9ddf20-b955-1dfb-0d26-c53d07b1f7a5","tintindex":0},"north":{"uv":[3.5,8.5,5.5,8.75],"rotation":0,"texture":"#de9ddf20-b955-1dfb-0d26-c53d07b1f7a5","tintindex":0},"south":{"uv":[5.5,8.5,7.5,8.75],"rotation":0,"texture":"#de9ddf20-b955-1dfb-0d26-c53d07b1f7a5","tintindex":0},"up":{"uv":[5.5,8.5,3.5,8.5],"rotation":0,"texture":"#de9ddf20-b955-1dfb-0d26-c53d07b1f7a5","tintindex":0},"west":{"uv":[5.5,8.5,5.5,8.75],"rotation":0,"texture":"#de9ddf20-b955-1dfb-0d26-c53d07b1f7a5","tintindex":0}}},{"name":"cube","from":[5.45,8.75,10.4],"to":[10.55,9.65,10.55],"rotation":{"angle":0.0,"axis":"x","origin":[8.0,-0.10000038,10.25]},"faces":{"down":{"uv":[7.0,8.75,5.0,8.75],"rotation":0,"texture":"#de9ddf20-b955-1dfb-0d26-c53d07b1f7a5","tintindex":0},"east":{"uv":[3.0,8.75,3.0,9.0],"rotation":0,"texture":"#de9ddf20-b955-1dfb-0d26-c53d07b1f7a5","tintindex":0},"north":{"uv":[3.0,8.75,5.0,9.0],"rotation":0,"texture":"#de9ddf20-b955-1dfb-0d26-c53d07b1f7a5","tintindex":0},"south":{"uv":[5.0,8.75,7.0,9.0],"rotation":0,"texture":"#de9ddf20-b955-1dfb-0d26-c53d07b1f7a5","tintindex":0},"up":{"uv":[5.0,8.75,3.0,8.75],"rotation":0,"texture":"#de9ddf20-b955-1dfb-0d26-c53d07b1f7a5","tintindex":0},"west":{"uv":[5.0,8.75,5.0,9.0],"rotation":0,"texture":"#de9ddf20-b955-1dfb-0d26-c53d07b1f7a5","tintindex":0}}},{"name":"cube","from":[5.45,10.4,10.4],"to":[10.55,11.15,10.55],"rotation":{"angle":0.0,"axis":"x","origin":[8.0,1.3999997,10.25]},"faces":{"down":{"uv":[4.0,8.25,2.0,8.25],"rotation":0,"texture":"#de9ddf20-b955-1dfb-0d26-c53d07b1f7a5","tintindex":0},"east":{"uv":[0.0,8.25,0.0,8.5],"rotation":0,"texture":"#de9ddf20-b955-1dfb-0d26-c53d07b1f7a5","tintindex":0},"north":{"uv":[0.0,8.25,2.0,8.5],"rotation":0,"texture":"#de9ddf20-b955-1dfb-0d26-c53d07b1f7a5","tintindex":0},"south":{"uv":[2.0,8.25,4.0,8.5],"rotation":0,"texture":"#de9ddf20-b955-1dfb-0d26-c53d07b1f7a5","tintindex":0},"up":{"uv":[2.0,8.25,0.0,8.25],"rotation":0,"texture":"#de9ddf20-b955-1dfb-0d26-c53d07b1f7a5","tintindex":0},"west":{"uv":[2.0,8.25,2.0,8.5],"rotation":0,"texture":"#de9ddf20-b955-1dfb-0d26-c53d07b1f7a5","tintindex":0}}},{"name":"cube","from":[5.45,11.900001,5.45],"to":[10.55,12.35,5.6],"rotation":{"angle":0.0,"axis":"x","origin":[8.0,2.6,5.3]},"faces":{"down":{"uv":[4.0,8.25,2.0,8.25],"rotation":0,"texture":"#de9ddf20-b955-1dfb-0d26-c53d07b1f7a5","tintindex":0},"east":{"uv":[0.0,8.25,0.0,8.25],"rotation":0,"texture":"#de9ddf20-b955-1dfb-0d26-c53d07b1f7a5","tintindex":0},"north":{"uv":[0.0,8.25,2.0,8.25],"rotation":0,"texture":"#de9ddf20-b955-1dfb-0d26-c53d07b1f7a5","tintindex":0},"south":{"uv":[2.0,8.25,4.0,8.25],"rotation":0,"texture":"#de9ddf20-b955-1dfb-0d26-c53d07b1f7a5","tintindex":0},"up":{"uv":[2.0,8.25,0.0,8.25],"rotation":0,"texture":"#de9ddf20-b955-1dfb-0d26-c53d07b1f7a5","tintindex":0},"west":{"uv":[2.0,8.25,2.0,8.25],"rotation":0,"texture":"#de9ddf20-b955-1dfb-0d26-c53d07b1f7a5","tintindex":0}}},{"name":"cube","from":[5.45,11.900001,10.4],"to":[10.55,12.35,10.55],"rotation":{"angle":0.0,"axis":"x","origin":[8.0,2.6,10.25]},"faces":{"down":{"uv":[4.0,8.25,2.0,8.25],"rotation":0,"texture":"#de9ddf20-b955-1dfb-0d26-c53d07b1f7a5","tintindex":0},"east":{"uv":[0.0,8.25,0.0,8.25],"rotation":0,"texture":"#de9ddf20-b955-1dfb-0d26-c53d07b1f7a5","tintindex":0},"north":{"uv":[0.0,8.25,2.0,8.25],"rotation":0,"texture":"#de9ddf20-b955-1dfb-0d26-c53d07b1f7a5","tintindex":0},"south":{"uv":[2.0,8.25,4.0,8.25],"rotation":0,"texture":"#de9ddf20-b955-1dfb-0d26-c53d07b1f7a5","tintindex":0},"up":{"uv":[2.0,8.25,0.0,8.25],"rotation":0,"texture":"#de9ddf20-b955-1dfb-0d26-c53d07b1f7a5","tintindex":0},"west":{"uv":[2.0,8.25,2.0,8.25],"rotation":0,"texture":"#de9ddf20-b955-1dfb-0d26-c53d07b1f7a5","tintindex":0}}},{"name":"cube","from":[10.4,8.0,5.6],"to":[10.55,8.75,10.4],"rotation":{"angle":0.0,"axis":"x","origin":[8.0,-1.0000005,5.8999996]},"faces":{"down":{"uv":[3.25,7.0,3.25,9.0],"rotation":0,"texture":"#de9ddf20-b955-1dfb-0d26-c53d07b1f7a5","tintindex":0},"east":{"uv":[1.25,9.0,3.25,9.25],"rotation":0,"texture":"#de9ddf20-b955-1dfb-0d26-c53d07b1f7a5","tintindex":0},"north":{"uv":[3.25,9.0,3.25,9.25],"rotation":0,"texture":"#de9ddf20-b955-1dfb-0d26-c53d07b1f7a5","tintindex":0},"south":{"uv":[5.25,9.0,5.25,9.25],"rotation":0,"texture":"#de9ddf20-b955-1dfb-0d26-c53d07b1f7a5","tintindex":0},"up":{"uv":[3.25,9.0,3.25,7.0],"rotation":0,"texture":"#de9ddf20-b955-1dfb-0d26-c53d07b1f7a5","tintindex":0},"west":{"uv":[3.25,9.0,5.25,9.25],"rotation":0,"texture":"#de9ddf20-b955-1dfb-0d26-c53d07b1f7a5","tintindex":0}}},{"name":"cube","from":[5.45,8.0,5.6],"to":[5.6,8.75,10.4],"rotation":{"angle":0.0,"axis":"x","origin":[3.0499997,-1.0000005,5.8999996]},"faces":{"down":{"uv":[3.25,7.0,3.25,9.0],"rotation":0,"texture":"#de9ddf20-b955-1dfb-0d26-c53d07b1f7a5","tintindex":0},"east":{"uv":[1.25,9.0,3.25,9.25],"rotation":0,"texture":"#de9ddf20-b955-1dfb-0d26-c53d07b1f7a5","tintindex":0},"north":{"uv":[3.25,9.0,3.25,9.25],"rotation":0,"texture":"#de9ddf20-b955-1dfb-0d26-c53d07b1f7a5","tintindex":0},"south":{"uv":[5.25,9.0,5.25,9.25],"rotation":0,"texture":"#de9ddf20-b955-1dfb-0d26-c53d07b1f7a5","tintindex":0},"up":{"uv":[3.25,9.0,3.25,7.0],"rotation":0,"texture":"#de9ddf20-b955-1dfb-0d26-c53d07b1f7a5","tintindex":0},"west":{"uv":[3.25,9.0,5.25,9.25],"rotation":0,"texture":"#de9ddf20-b955-1dfb-0d26-c53d07b1f7a5","tintindex":0}}},{"name":"cube","from":[10.4,9.5,5.6],"to":[10.55,10.25,10.4],"rotation":{"angle":0.0,"axis":"x","origin":[8.0,0.49999976,5.8999996]},"faces":{"down":{"uv":[3.25,6.5,3.25,8.5],"rotation":0,"texture":"#de9ddf20-b955-1dfb-0d26-c53d07b1f7a5","tintindex":0},"east":{"uv":[1.25,8.5,3.25,8.75],"rotation":0,"texture":"#de9ddf20-b955-1dfb-0d26-c53d07b1f7a5","tintindex":0},"north":{"uv":[3.25,8.5,3.25,8.75],"rotation":0,"texture":"#de9ddf20-b955-1dfb-0d26-c53d07b1f7a5","tintindex":0},"south":{"uv":[5.25,8.5,5.25,8.75],"rotation":0,"texture":"#de9ddf20-b955-1dfb-0d26-c53d07b1f7a5","tintindex":0},"up":{"uv":[3.25,8.5,3.25,6.5],"rotation":0,"texture":"#de9ddf20-b955-1dfb-0d26-c53d07b1f7a5","tintindex":0},"west":{"uv":[3.25,8.5,5.25,8.75],"rotation":0,"texture":"#de9ddf20-b955-1dfb-0d26-c53d07b1f7a5","tintindex":0}}},{"name":"cube","from":[5.45,9.5,5.6],"to":[5.6,10.25,10.4],"rotation":{"angle":0.0,"axis":"x","origin":[3.0499997,0.49999976,5.8999996]},"faces":{"down":{"uv":[3.25,6.5,3.25,8.5],"rotation":0,"texture":"#de9ddf20-b955-1dfb-0d26-c53d07b1f7a5","tintindex":0},"east":{"uv":[1.25,8.5,3.25,8.75],"rotation":0,"texture":"#de9ddf20-b955-1dfb-0d26-c53d07b1f7a5","tintindex":0},"north":{"uv":[3.25,8.5,3.25,8.75],"rotation":0,"texture":"#de9ddf20-b955-1dfb-0d26-c53d07b1f7a5","tintindex":0},"south":{"uv":[5.25,8.5,5.25,8.75],"rotation":0,"texture":"#de9ddf20-b955-1dfb-0d26-c53d07b1f7a5","tintindex":0},"up":{"uv":[3.25,8.5,3.25,6.5],"rotation":0,"texture":"#de9ddf20-b955-1dfb-0d26-c53d07b1f7a5","tintindex":0},"west":{"uv":[3.25,8.5,5.25,8.75],"rotation":0,"texture":"#de9ddf20-b955-1dfb-0d26-c53d07b1f7a5","tintindex":0}}},{"name":"cube","from":[10.4,11.72,5.6],"to":[10.55,12.23,10.4],"rotation":{"angle":0.0,"axis":"x","origin":[8.0,2.7199998,5.8999996]},"faces":{"down":{"uv":[3.25,6.5,3.25,8.5],"rotation":0,"texture":"#de9ddf20-b955-1dfb-0d26-c53d07b1f7a5","tintindex":0},"east":{"uv":[1.25,8.5,3.25,8.5],"rotation":0,"texture":"#de9ddf20-b955-1dfb-0d26-c53d07b1f7a5","tintindex":0},"north":{"uv":[3.25,8.5,3.25,8.5],"rotation":0,"texture":"#de9ddf20-b955-1dfb-0d26-c53d07b1f7a5","tintindex":0},"south":{"uv":[5.25,8.5,5.25,8.5],"rotation":0,"texture":"#de9ddf20-b955-1dfb-0d26-c53d07b1f7a5","tintindex":0},"up":{"uv":[3.25,8.5,3.25,6.5],"rotation":0,"texture":"#de9ddf20-b955-1dfb-0d26-c53d07b1f7a5","tintindex":0},"west":{"uv":[3.25,8.5,5.25,8.5],"rotation":0,"texture":"#de9ddf20-b955-1dfb-0d26-c53d07b1f7a5","tintindex":0}}},{"name":"cube","from":[5.45,11.72,5.6],"to":[5.6,12.23,10.4],"rotation":{"angle":0.0,"axis":"x","origin":[3.0499997,2.7199998,5.8999996]},"faces":{"down":{"uv":[3.25,6.5,3.25,8.5],"rotation":0,"texture":"#de9ddf20-b955-1dfb-0d26-c53d07b1f7a5","tintindex":0},"east":{"uv":[1.25,8.5,3.25,8.5],"rotation":0,"texture":"#de9ddf20-b955-1dfb-0d26-c53d07b1f7a5","tintindex":0},"north":{"uv":[3.25,8.5,3.25,8.5],"rotation":0,"texture":"#de9ddf20-b955-1dfb-0d26-c53d07b1f7a5","tintindex":0},"south":{"uv":[5.25,8.5,5.25,8.5],"rotation":0,"texture":"#de9ddf20-b955-1dfb-0d26-c53d07b1f7a5","tintindex":0},"up":{"uv":[3.25,8.5,3.25,6.5],"rotation":0,"texture":"#de9ddf20-b955-1dfb-0d26-c53d07b1f7a5","tintindex":0},"west":{"uv":[3.25,8.5,5.25,8.5],"rotation":0,"texture":"#de9ddf20-b955-1dfb-0d26-c53d07b1f7a5","tintindex":0}}},{"name":"cube","from":[10.4,8.75,5.6],"to":[10.55,9.5,10.4],"rotation":{"angle":0.0,"axis":"x","origin":[8.0,-0.25000024,5.8999996]},"faces":{"down":{"uv":[3.25,7.0,3.25,9.0],"rotation":0,"texture":"#de9ddf20-b955-1dfb-0d26-c53d07b1f7a5","tintindex":0},"east":{"uv":[1.25,9.0,3.25,9.25],"rotation":0,"texture":"#de9ddf20-b955-1dfb-0d26-c53d07b1f7a5","tintindex":0},"north":{"uv":[3.25,9.0,3.25,9.25],"rotation":0,"texture":"#de9ddf20-b955-1dfb-0d26-c53d07b1f7a5","tintindex":0},"south":{"uv":[5.25,9.0,5.25,9.25],"rotation":0,"texture":"#de9ddf20-b955-1dfb-0d26-c53d07b1f7a5","tintindex":0},"up":{"uv":[3.25,9.0,3.25,7.0],"rotation":0,"texture":"#de9ddf20-b955-1dfb-0d26-c53d07b1f7a5","tintindex":0},"west":{"uv":[3.25,9.0,5.25,9.25],"rotation":0,"texture":"#de9ddf20-b955-1dfb-0d26-c53d07b1f7a5","tintindex":0}}},{"name":"cube","from":[5.45,8.75,5.6],"to":[5.6,9.5,10.4],"rotation":{"angle":0.0,"axis":"x","origin":[3.0499997,-0.25000024,5.8999996]},"faces":{"down":{"uv":[3.25,7.0,3.25,9.0],"rotation":0,"texture":"#de9ddf20-b955-1dfb-0d26-c53d07b1f7a5","tintindex":0},"east":{"uv":[1.25,9.0,3.25,9.25],"rotation":0,"texture":"#de9ddf20-b955-1dfb-0d26-c53d07b1f7a5","tintindex":0},"north":{"uv":[3.25,9.0,3.25,9.25],"rotation":0,"texture":"#de9ddf20-b955-1dfb-0d26-c53d07b1f7a5","tintindex":0},"south":{"uv":[5.25,9.0,5.25,9.25],"rotation":0,"texture":"#de9ddf20-b955-1dfb-0d26-c53d07b1f7a5","tintindex":0},"up":{"uv":[3.25,9.0,3.25,7.0],"rotation":0,"texture":"#de9ddf20-b955-1dfb-0d26-c53d07b1f7a5","tintindex":0},"west":{"uv":[3.25,9.0,5.25,9.25],"rotation":0,"texture":"#de9ddf20-b955-1dfb-0d26-c53d07b1f7a5","tintindex":0}}},{"name":"cube","from":[10.4,10.970001,5.6],"to":[10.55,11.72,10.4],"rotation":{"angle":0.0,"axis":"x","origin":[8.0,1.9699997,5.8999996]},"faces":{"down":{"uv":[3.25,7.0,3.25,9.0],"rotation":0,"texture":"#de9ddf20-b955-1dfb-0d26-c53d07b1f7a5","tintindex":0},"east":{"uv":[1.25,9.0,3.25,9.25],"rotation":0,"texture":"#de9ddf20-b955-1dfb-0d26-c53d07b1f7a5","tintindex":0},"north":{"uv":[3.25,9.0,3.25,9.25],"rotation":0,"texture":"#de9ddf20-b955-1dfb-0d26-c53d07b1f7a5","tintindex":0},"south":{"uv":[5.25,9.0,5.25,9.25],"rotation":0,"texture":"#de9ddf20-b955-1dfb-0d26-c53d07b1f7a5","tintindex":0},"up":{"uv":[3.25,9.0,3.25,7.0],"rotation":0,"texture":"#de9ddf20-b955-1dfb-0d26-c53d07b1f7a5","tintindex":0},"west":{"uv":[3.25,9.0,5.25,9.25],"rotation":0,"texture":"#de9ddf20-b955-1dfb-0d26-c53d07b1f7a5","tintindex":0}}},{"name":"cube","from":[5.45,10.970001,5.6],"to":[5.6,11.72,10.4],"rotation":{"angle":0.0,"axis":"x","origin":[3.0499997,1.9699997,5.8999996]},"faces":{"down":{"uv":[3.25,7.0,3.25,9.0],"rotation":0,"texture":"#de9ddf20-b955-1dfb-0d26-c53d07b1f7a5","tintindex":0},"east":{"uv":[1.25,9.0,3.25,9.25],"rotation":0,"texture":"#de9ddf20-b955-1dfb-0d26-c53d07b1f7a5","tintindex":0},"north":{"uv":[3.25,9.0,3.25,9.25],"rotation":0,"texture":"#de9ddf20-b955-1dfb-0d26-c53d07b1f7a5","tintindex":0},"south":{"uv":[5.25,9.0,5.25,9.25],"rotation":0,"texture":"#de9ddf20-b955-1dfb-0d26-c53d07b1f7a5","tintindex":0},"up":{"uv":[3.25,9.0,3.25,7.0],"rotation":0,"texture":"#de9ddf20-b955-1dfb-0d26-c53d07b1f7a5","tintindex":0},"west":{"uv":[3.25,9.0,5.25,9.25],"rotation":0,"texture":"#de9ddf20-b955-1dfb-0d26-c53d07b1f7a5","tintindex":0}}},{"name":"cube","from":[10.4,10.25,5.6],"to":[10.55,11.0,10.4],"rotation":{"angle":0.0,"axis":"x","origin":[8.0,1.2499998,5.8999996]},"faces":{"down":{"uv":[8.5,8.0,8.5,10.0],"rotation":0,"texture":"#de9ddf20-b955-1dfb-0d26-c53d07b1f7a5","tintindex":0},"east":{"uv":[6.5,10.0,8.5,10.25],"rotation":0,"texture":"#de9ddf20-b955-1dfb-0d26-c53d07b1f7a5","tintindex":0},"north":{"uv":[8.5,10.0,8.5,10.25],"rotation":0,"texture":"#de9ddf20-b955-1dfb-0d26-c53d07b1f7a5","tintindex":0},"south":{"uv":[10.5,10.0,10.5,10.25],"rotation":0,"texture":"#de9ddf20-b955-1dfb-0d26-c53d07b1f7a5","tintindex":0},"up":{"uv":[8.5,10.0,8.5,8.0],"rotation":0,"texture":"#de9ddf20-b955-1dfb-0d26-c53d07b1f7a5","tintindex":0},"west":{"uv":[8.5,10.0,10.5,10.25],"rotation":0,"texture":"#de9ddf20-b955-1dfb-0d26-c53d07b1f7a5","tintindex":0}}},{"name":"cube","from":[5.45,10.25,5.6],"to":[5.6,11.0,10.4],"rotation":{"angle":0.0,"axis":"x","origin":[3.0499997,1.2499998,5.8999996]},"faces":{"down":{"uv":[8.5,8.0,8.5,10.0],"rotation":0,"texture":"#de9ddf20-b955-1dfb-0d26-c53d07b1f7a5","tintindex":0},"east":{"uv":[6.5,10.0,8.5,10.25],"rotation":0,"texture":"#de9ddf20-b955-1dfb-0d26-c53d07b1f7a5","tintindex":0},"north":{"uv":[8.5,10.0,8.5,10.25],"rotation":0,"texture":"#de9ddf20-b955-1dfb-0d26-c53d07b1f7a5","tintindex":0},"south":{"uv":[10.5,10.0,10.5,10.25],"rotation":0,"texture":"#de9ddf20-b955-1dfb-0d26-c53d07b1f7a5","tintindex":0},"up":{"uv":[8.5,10.0,8.5,8.0],"rotation":0,"texture":"#de9ddf20-b955-1dfb-0d26-c53d07b1f7a5","tintindex":0},"west":{"uv":[8.5,10.0,10.5,10.25],"rotation":0,"texture":"#de9ddf20-b955-1dfb-0d26-c53d07b1f7a5","tintindex":0}}},{"name":"cube","from":[10.4,12.23,5.6],"to":[10.55,12.98,10.4],"rotation":{"angle":0.0,"axis":"x","origin":[8.0,3.4700003,5.8999996]},"faces":{"down":{"uv":[8.5,8.0,8.5,10.0],"rotation":0,"texture":"#de9ddf20-b955-1dfb-0d26-c53d07b1f7a5","tintindex":0},"east":{"uv":[6.5,10.0,8.5,10.25],"rotation":0,"texture":"#de9ddf20-b955-1dfb-0d26-c53d07b1f7a5","tintindex":0},"north":{"uv":[8.5,10.0,8.5,10.25],"rotation":0,"texture":"#de9ddf20-b955-1dfb-0d26-c53d07b1f7a5","tintindex":0},"south":{"uv":[10.5,10.0,10.5,10.25],"rotation":0,"texture":"#de9ddf20-b955-1dfb-0d26-c53d07b1f7a5","tintindex":0},"up":{"uv":[8.5,10.0,8.5,8.0],"rotation":0,"texture":"#de9ddf20-b955-1dfb-0d26-c53d07b1f7a5","tintindex":0},"west":{"uv":[8.5,10.0,10.5,10.25],"rotation":0,"texture":"#de9ddf20-b955-1dfb-0d26-c53d07b1f7a5","tintindex":0}}},{"name":"cube","from":[5.45,12.23,5.6],"to":[5.6,12.98,10.4],"rotation":{"angle":0.0,"axis":"x","origin":[3.0499997,3.4700003,5.8999996]},"faces":{"down":{"uv":[8.5,8.0,8.5,10.0],"rotation":0,"texture":"#de9ddf20-b955-1dfb-0d26-c53d07b1f7a5","tintindex":0},"east":{"uv":[6.5,10.0,8.5,10.25],"rotation":0,"texture":"#de9ddf20-b955-1dfb-0d26-c53d07b1f7a5","tintindex":0},"north":{"uv":[8.5,10.0,8.5,10.25],"rotation":0,"texture":"#de9ddf20-b955-1dfb-0d26-c53d07b1f7a5","tintindex":0},"south":{"uv":[10.5,10.0,10.5,10.25],"rotation":0,"texture":"#de9ddf20-b955-1dfb-0d26-c53d07b1f7a5","tintindex":0},"up":{"uv":[8.5,10.0,8.5,8.0],"rotation":0,"texture":"#de9ddf20-b955-1dfb-0d26-c53d07b1f7a5","tintindex":0},"west":{"uv":[8.5,10.0,10.5,10.25],"rotation":0,"texture":"#de9ddf20-b955-1dfb-0d26-c53d07b1f7a5","tintindex":0}}},{"name":"cube","from":[5.45,8.75,5.45],"to":[10.55,9.5,5.6],"rotation":{"angle":0.0,"axis":"x","origin":[8.0,-0.25000024,5.3]},"faces":{"down":{"uv":[5.0,8.25,3.0,8.25],"rotation":0,"texture":"#de9ddf20-b955-1dfb-0d26-c53d07b1f7a5","tintindex":0},"east":{"uv":[1.0,8.25,1.0,8.5],"rotation":0,"texture":"#de9ddf20-b955-1dfb-0d26-c53d07b1f7a5","tintindex":0},"north":{"uv":[1.0,8.25,3.0,8.5],"rotation":0,"texture":"#de9ddf20-b955-1dfb-0d26-c53d07b1f7a5","tintindex":0},"south":{"uv":[3.0,8.25,5.0,8.5],"rotation":0,"texture":"#de9ddf20-b955-1dfb-0d26-c53d07b1f7a5","tintindex":0},"up":{"uv":[3.0,8.25,1.0,8.25],"rotation":0,"texture":"#de9ddf20-b955-1dfb-0d26-c53d07b1f7a5","tintindex":0},"west":{"uv":[3.0,8.25,3.0,8.5],"rotation":0,"texture":"#de9ddf20-b955-1dfb-0d26-c53d07b1f7a5","tintindex":0}}},{"name":"cube","from":[5.45,11.15,5.45],"to":[10.55,11.900001,5.6],"rotation":{"angle":0.0,"axis":"x","origin":[8.0,2.1499996,5.3]},"faces":{"down":{"uv":[5.0,8.25,3.0,8.25],"rotation":0,"texture":"#de9ddf20-b955-1dfb-0d26-c53d07b1f7a5","tintindex":0},"east":{"uv":[1.0,8.25,1.0,8.5],"rotation":0,"texture":"#de9ddf20-b955-1dfb-0d26-c53d07b1f7a5","tintindex":0},"north":{"uv":[1.0,8.25,3.0,8.5],"rotation":0,"texture":"#de9ddf20-b955-1dfb-0d26-c53d07b1f7a5","tintindex":0},"south":{"uv":[3.0,8.25,5.0,8.5],"rotation":0,"texture":"#de9ddf20-b955-1dfb-0d26-c53d07b1f7a5","tintindex":0},"up":{"uv":[3.0,8.25,1.0,8.25],"rotation":0,"texture":"#de9ddf20-b955-1dfb-0d26-c53d07b1f7a5","tintindex":0},"west":{"uv":[3.0,8.25,3.0,8.5],"rotation":0,"texture":"#de9ddf20-b955-1dfb-0d26-c53d07b1f7a5","tintindex":0}}},{"name":"cube","from":[5.45,11.15,10.4],"to":[10.55,11.900001,10.55],"rotation":{"angle":0.0,"axis":"x","origin":[8.0,2.1499996,10.25]},"faces":{"down":{"uv":[5.0,8.25,3.0,8.25],"rotation":0,"texture":"#de9ddf20-b955-1dfb-0d26-c53d07b1f7a5","tintindex":0},"east":{"uv":[1.0,8.25,1.0,8.5],"rotation":0,"texture":"#de9ddf20-b955-1dfb-0d26-c53d07b1f7a5","tintindex":0},"north":{"uv":[1.0,8.25,3.0,8.5],"rotation":0,"texture":"#de9ddf20-b955-1dfb-0d26-c53d07b1f7a5","tintindex":0},"south":{"uv":[3.0,8.25,5.0,8.5],"rotation":0,"texture":"#de9ddf20-b955-1dfb-0d26-c53d07b1f7a5","tintindex":0},"up":{"uv":[3.0,8.25,1.0,8.25],"rotation":0,"texture":"#de9ddf20-b955-1dfb-0d26-c53d07b1f7a5","tintindex":0},"west":{"uv":[3.0,8.25,3.0,8.5],"rotation":0,"texture":"#de9ddf20-b955-1dfb-0d26-c53d07b1f7a5","tintindex":0}}},{"name":"cube","from":[5.45,12.35,5.45],"to":[10.55,12.98,5.6],"rotation":{"angle":0.0,"axis":"x","origin":[8.0,3.35,5.3]},"faces":{"down":{"uv":[5.0,8.25,3.0,8.25],"rotation":0,"texture":"#de9ddf20-b955-1dfb-0d26-c53d07b1f7a5","tintindex":0},"east":{"uv":[1.0,8.25,1.0,8.5],"rotation":0,"texture":"#de9ddf20-b955-1dfb-0d26-c53d07b1f7a5","tintindex":0},"north":{"uv":[1.0,8.25,3.0,8.5],"rotation":0,"texture":"#de9ddf20-b955-1dfb-0d26-c53d07b1f7a5","tintindex":0},"south":{"uv":[3.0,8.25,5.0,8.5],"rotation":0,"texture":"#de9ddf20-b955-1dfb-0d26-c53d07b1f7a5","tintindex":0},"up":{"uv":[3.0,8.25,1.0,8.25],"rotation":0,"texture":"#de9ddf20-b955-1dfb-0d26-c53d07b1f7a5","tintindex":0},"west":{"uv":[3.0,8.25,3.0,8.5],"rotation":0,"texture":"#de9ddf20-b955-1dfb-0d26-c53d07b1f7a5","tintindex":0}}},{"name":"cube","from":[5.45,12.35,10.4],"to":[10.55,12.98,10.55],"rotation":{"angle":0.0,"axis":"x","origin":[8.0,3.35,10.25]},"faces":{"down":{"uv":[5.0,8.25,3.0,8.25],"rotation":0,"texture":"#de9ddf20-b955-1dfb-0d26-c53d07b1f7a5","tintindex":0},"east":{"uv":[1.0,8.25,1.0,8.5],"rotation":0,"texture":"#de9ddf20-b955-1dfb-0d26-c53d07b1f7a5","tintindex":0},"north":{"uv":[1.0,8.25,3.0,8.5],"rotation":0,"texture":"#de9ddf20-b955-1dfb-0d26-c53d07b1f7a5","tintindex":0},"south":{"uv":[3.0,8.25,5.0,8.5],"rotation":0,"texture":"#de9ddf20-b955-1dfb-0d26-c53d07b1f7a5","tintindex":0},"up":{"uv":[3.0,8.25,1.0,8.25],"rotation":0,"texture":"#de9ddf20-b955-1dfb-0d26-c53d07b1f7a5","tintindex":0},"west":{"uv":[3.0,8.25,3.0,8.5],"rotation":0,"texture":"#de9ddf20-b955-1dfb-0d26-c53d07b1f7a5","tintindex":0}}},{"name":"cube","from":[5.6,12.8,5.6],"to":[10.4,12.98,10.4],"rotation":{"angle":0.0,"axis":"x","origin":[8.0,3.35,9.65]},"faces":{"down":{"uv":[7.0,8.25,5.0,10.25],"rotation":0,"texture":"#de9ddf20-b955-1dfb-0d26-c53d07b1f7a5","tintindex":0},"east":{"uv":[1.0,10.25,3.0,10.25],"rotation":0,"texture":"#de9ddf20-b955-1dfb-0d26-c53d07b1f7a5","tintindex":0},"north":{"uv":[3.0,10.25,5.0,10.25],"rotation":0,"texture":"#de9ddf20-b955-1dfb-0d26-c53d07b1f7a5","tintindex":0},"south":{"uv":[7.0,10.25,9.0,10.25],"rotation":0,"texture":"#de9ddf20-b955-1dfb-0d26-c53d07b1f7a5","tintindex":0},"up":{"uv":[5.0,10.25,3.0,8.25],"rotation":0,"texture":"#de9ddf20-b955-1dfb-0d26-c53d07b1f7a5","tintindex":0},"west":{"uv":[5.0,10.25,7.0,10.25],"rotation":0,"texture":"#de9ddf20-b955-1dfb-0d26-c53d07b1f7a5","tintindex":0}}}],"display":{"head":{"translation":[0.0,-6.4,0.0],"rotation":[0.0,0.0,0.0],"scale":[3.8095,3.8095,3.8095]},"gui":{"translation":[0.0,0.0,0.0],"rotation":[35.0,225.0,0.0],"scale":[0.625,0.625,0.625]}}}