{"file_name":"leftleg1","texture_size":[64,64],"textures":{"de9ddf20-b955-1dfb-0d26-c53d07b1f7a5":"modelengine:entity/skeleton1"},"elements":[{"name":"leftleg","from":[7.4,4.3999996,7.4],"to":[8.6,8.0,8.6],"rotation":{"angle":0.0,"axis":"x","origin":[6.8,4.3999996,8.0]},"faces":{"down":{"uv":[11.5,4.0,11.0,4.5],"rotation":0,"texture":"#de9ddf20-b955-1dfb-0d26-c53d07b1f7a5","tintindex":0},"east":{"uv":[10.0,4.5,10.5,6.0],"rotation":0,"texture":"#de9ddf20-b955-1dfb-0d26-c53d07b1f7a5","tintindex":0},"north":{"uv":[10.5,4.5,11.0,6.0],"rotation":0,"texture":"#de9ddf20-b955-1dfb-0d26-c53d07b1f7a5","tintindex":0},"south":{"uv":[11.5,4.5,12.0,6.0],"rotation":0,"texture":"#de9ddf20-b955-1dfb-0d26-c53d07b1f7a5","tintindex":0},"up":{"uv":[11.0,4.5,10.5,4.0],"rotation":0,"texture":"#de9ddf20-b955-1dfb-0d26-c53d07b1f7a5","tintindex":0},"west":{"uv":[11.0,4.5,11.5,6.0],"rotation":0,"texture":"#de9ddf20-b955-1dfb-0d26-c53d07b1f7a5","tintindex":0}}},{"name":"cube","from":[7.25,7.7,8.6],"to":[8.75,8.6,8.75],"rotation":{"angle":-22.5,"axis":"z","origin":[7.34,8.15,8.675]},"faces":{"down":{"uv":[1.0,8.25,0.5,8.25],"rotation":0,"texture":"#de9ddf20-b955-1dfb-0d26-c53d07b1f7a5","tintindex":0},"east":{"uv":[0.0,8.25,0.0,8.5],"rotation":0,"texture":"#de9ddf20-b955-1dfb-0d26-c53d07b1f7a5","tintindex":0},"north":{"uv":[0.0,8.25,0.5,8.5],"rotation":0,"texture":"#de9ddf20-b955-1dfb-0d26-c53d07b1f7a5","tintindex":0},"south":{"uv":[0.5,8.25,1.0,8.5],"rotation":0,"texture":"#de9ddf20-b955-1dfb-0d26-c53d07b1f7a5","tintindex":0},"up":{"uv":[0.5,8.25,0.0,8.25],"rotation":0,"texture":"#de9ddf20-b955-1dfb-0d26-c53d07b1f7a5","tintindex":0},"west":{"uv":[0.5,8.25,0.5,8.5],"rotation":0,"texture":"#de9ddf20-b955-1dfb-0d26-c53d07b1f7a5","tintindex":0}}}],"display":{"head":{"translation":[0.0,-6.4,0.0],"rotation":[0.0,0.0,0.0],"scale":[3.8095,3.8095,3.8095]},"gui":{"translation":[0.0,0.0,0.0],"rotation":[35.0,225.0,0.0],"scale":[0.625,0.625,0.625]}}}