{"file_name":"leftarm1","texture_size":[64,64],"textures":{"de9ddf20-b955-1dfb-0d26-c53d07b1f7a5":"modelengine:entity/skeleton1"},"elements":[{"name":"leftarm","from":[7.4,4.3999996,7.4],"to":[8.6,8.0,8.6],"rotation":{"angle":0.0,"axis":"x","origin":[5.0,-2.8000002,8.0]},"faces":{"down":{"uv":[1.5,4.0,1.0,4.5],"rotation":0,"texture":"#de9ddf20-b955-1dfb-0d26-c53d07b1f7a5","tintindex":0},"east":{"uv":[0.0,4.5,0.5,6.0],"rotation":0,"texture":"#de9ddf20-b955-1dfb-0d26-c53d07b1f7a5","tintindex":0},"north":{"uv":[0.5,4.5,1.0,6.0],"rotation":0,"texture":"#de9ddf20-b955-1dfb-0d26-c53d07b1f7a5","tintindex":0},"south":{"uv":[1.5,4.5,2.0,6.0],"rotation":0,"texture":"#de9ddf20-b955-1dfb-0d26-c53d07b1f7a5","tintindex":0},"up":{"uv":[1.0,4.5,0.5,4.0],"rotation":0,"texture":"#de9ddf20-b955-1dfb-0d26-c53d07b1f7a5","tintindex":0},"west":{"uv":[1.0,4.5,1.5,6.0],"rotation":0,"texture":"#de9ddf20-b955-1dfb-0d26-c53d07b1f7a5","tintindex":0}}},{"name":"cube","from":[7.25,4.22,7.25],"to":[8.75,4.37,8.75],"rotation":{"angle":0.0,"axis":"x","origin":[8.0,4.22,8.6]},"faces":{"down":{"uv":[5.75,8.75,5.25,9.25],"rotation":0,"texture":"#de9ddf20-b955-1dfb-0d26-c53d07b1f7a5","tintindex":0},"east":{"uv":[4.25,9.25,4.75,9.25],"rotation":0,"texture":"#de9ddf20-b955-1dfb-0d26-c53d07b1f7a5","tintindex":0},"north":{"uv":[4.75,9.25,5.25,9.25],"rotation":0,"texture":"#de9ddf20-b955-1dfb-0d26-c53d07b1f7a5","tintindex":0},"south":{"uv":[5.75,9.25,6.25,9.25],"rotation":0,"texture":"#de9ddf20-b955-1dfb-0d26-c53d07b1f7a5","tintindex":0},"up":{"uv":[5.25,9.25,4.75,8.75],"rotation":0,"texture":"#de9ddf20-b955-1dfb-0d26-c53d07b1f7a5","tintindex":0},"west":{"uv":[5.25,9.25,5.75,9.25],"rotation":0,"texture":"#de9ddf20-b955-1dfb-0d26-c53d07b1f7a5","tintindex":0}}},{"name":"cube","from":[8.6,4.37,7.25],"to":[8.75,4.8199997,8.75],"rotation":{"angle":0.0,"axis":"x","origin":[8.0,4.8199997,8.6]},"faces":{"down":{"uv":[4.75,8.75,4.75,9.25],"rotation":0,"texture":"#de9ddf20-b955-1dfb-0d26-c53d07b1f7a5","tintindex":0},"east":{"uv":[4.25,9.25,4.75,9.25],"rotation":0,"texture":"#de9ddf20-b955-1dfb-0d26-c53d07b1f7a5","tintindex":0},"north":{"uv":[4.75,9.25,4.75,9.25],"rotation":0,"texture":"#de9ddf20-b955-1dfb-0d26-c53d07b1f7a5","tintindex":0},"south":{"uv":[5.25,9.25,5.25,9.25],"rotation":0,"texture":"#de9ddf20-b955-1dfb-0d26-c53d07b1f7a5","tintindex":0},"up":{"uv":[4.75,9.25,4.75,8.75],"rotation":0,"texture":"#de9ddf20-b955-1dfb-0d26-c53d07b1f7a5","tintindex":0},"west":{"uv":[4.75,9.25,5.25,9.25],"rotation":0,"texture":"#de9ddf20-b955-1dfb-0d26-c53d07b1f7a5","tintindex":0}}},{"name":"cube","from":[7.25,4.37,7.25],"to":[7.4,4.8199997,8.75],"rotation":{"angle":0.0,"axis":"x","origin":[6.6499996,4.8199997,8.6]},"faces":{"down":{"uv":[4.75,8.75,4.75,9.25],"rotation":0,"texture":"#de9ddf20-b955-1dfb-0d26-c53d07b1f7a5","tintindex":0},"east":{"uv":[4.25,9.25,4.75,9.25],"rotation":0,"texture":"#de9ddf20-b955-1dfb-0d26-c53d07b1f7a5","tintindex":0},"north":{"uv":[4.75,9.25,4.75,9.25],"rotation":0,"texture":"#de9ddf20-b955-1dfb-0d26-c53d07b1f7a5","tintindex":0},"south":{"uv":[5.25,9.25,5.25,9.25],"rotation":0,"texture":"#de9ddf20-b955-1dfb-0d26-c53d07b1f7a5","tintindex":0},"up":{"uv":[4.75,9.25,4.75,8.75],"rotation":0,"texture":"#de9ddf20-b955-1dfb-0d26-c53d07b1f7a5","tintindex":0},"west":{"uv":[4.75,9.25,5.25,9.25],"rotation":0,"texture":"#de9ddf20-b955-1dfb-0d26-c53d07b1f7a5","tintindex":0}}},{"name":"cube","from":[8.6,4.85,7.25],"to":[8.75,5.3,8.75],"rotation":{"angle":0.0,"axis":"x","origin":[8.0,5.3,8.6]},"faces":{"down":{"uv":[4.75,8.75,4.75,9.25],"rotation":0,"texture":"#de9ddf20-b955-1dfb-0d26-c53d07b1f7a5","tintindex":0},"east":{"uv":[4.25,9.25,4.75,9.25],"rotation":0,"texture":"#de9ddf20-b955-1dfb-0d26-c53d07b1f7a5","tintindex":0},"north":{"uv":[4.75,9.25,4.75,9.25],"rotation":0,"texture":"#de9ddf20-b955-1dfb-0d26-c53d07b1f7a5","tintindex":0},"south":{"uv":[5.25,9.25,5.25,9.25],"rotation":0,"texture":"#de9ddf20-b955-1dfb-0d26-c53d07b1f7a5","tintindex":0},"up":{"uv":[4.75,9.25,4.75,8.75],"rotation":0,"texture":"#de9ddf20-b955-1dfb-0d26-c53d07b1f7a5","tintindex":0},"west":{"uv":[4.75,9.25,5.25,9.25],"rotation":0,"texture":"#de9ddf20-b955-1dfb-0d26-c53d07b1f7a5","tintindex":0}}},{"name":"cube","from":[7.25,4.85,7.25],"to":[7.4,5.3,8.75],"rotation":{"angle":0.0,"axis":"x","origin":[6.6499996,5.3,8.6]},"faces":{"down":{"uv":[4.75,8.75,4.75,9.25],"rotation":0,"texture":"#de9ddf20-b955-1dfb-0d26-c53d07b1f7a5","tintindex":0},"east":{"uv":[4.25,9.25,4.75,9.25],"rotation":0,"texture":"#de9ddf20-b955-1dfb-0d26-c53d07b1f7a5","tintindex":0},"north":{"uv":[4.75,9.25,4.75,9.25],"rotation":0,"texture":"#de9ddf20-b955-1dfb-0d26-c53d07b1f7a5","tintindex":0},"south":{"uv":[5.25,9.25,5.25,9.25],"rotation":0,"texture":"#de9ddf20-b955-1dfb-0d26-c53d07b1f7a5","tintindex":0},"up":{"uv":[4.75,9.25,4.75,8.75],"rotation":0,"texture":"#de9ddf20-b955-1dfb-0d26-c53d07b1f7a5","tintindex":0},"west":{"uv":[4.75,9.25,5.25,9.25],"rotation":0,"texture":"#de9ddf20-b955-1dfb-0d26-c53d07b1f7a5","tintindex":0}}},{"name":"cube","from":[8.6,5.33,7.25],"to":[8.75,5.7799997,8.75],"rotation":{"angle":0.0,"axis":"x","origin":[8.0,5.7799997,8.6]},"faces":{"down":{"uv":[4.75,8.75,4.75,9.25],"rotation":0,"texture":"#de9ddf20-b955-1dfb-0d26-c53d07b1f7a5","tintindex":0},"east":{"uv":[4.25,9.25,4.75,9.25],"rotation":0,"texture":"#de9ddf20-b955-1dfb-0d26-c53d07b1f7a5","tintindex":0},"north":{"uv":[4.75,9.25,4.75,9.25],"rotation":0,"texture":"#de9ddf20-b955-1dfb-0d26-c53d07b1f7a5","tintindex":0},"south":{"uv":[5.25,9.25,5.25,9.25],"rotation":0,"texture":"#de9ddf20-b955-1dfb-0d26-c53d07b1f7a5","tintindex":0},"up":{"uv":[4.75,9.25,4.75,8.75],"rotation":0,"texture":"#de9ddf20-b955-1dfb-0d26-c53d07b1f7a5","tintindex":0},"west":{"uv":[4.75,9.25,5.25,9.25],"rotation":0,"texture":"#de9ddf20-b955-1dfb-0d26-c53d07b1f7a5","tintindex":0}}},{"name":"cube","from":[8.6,5.9300003,7.25],"to":[8.75,6.38,8.75],"rotation":{"angle":0.0,"axis":"z","origin":[8.0,6.1549997,8.0]},"faces":{"down":{"uv":[4.75,8.75,4.75,9.25],"rotation":0,"texture":"#de9ddf20-b955-1dfb-0d26-c53d07b1f7a5","tintindex":0},"east":{"uv":[4.25,9.25,4.75,9.25],"rotation":0,"texture":"#de9ddf20-b955-1dfb-0d26-c53d07b1f7a5","tintindex":0},"north":{"uv":[4.75,9.25,4.75,9.25],"rotation":0,"texture":"#de9ddf20-b955-1dfb-0d26-c53d07b1f7a5","tintindex":0},"south":{"uv":[5.25,9.25,5.25,9.25],"rotation":0,"texture":"#de9ddf20-b955-1dfb-0d26-c53d07b1f7a5","tintindex":0},"up":{"uv":[4.75,9.25,4.75,8.75],"rotation":0,"texture":"#de9ddf20-b955-1dfb-0d26-c53d07b1f7a5","tintindex":0},"west":{"uv":[4.75,9.25,5.25,9.25],"rotation":0,"texture":"#de9ddf20-b955-1dfb-0d26-c53d07b1f7a5","tintindex":0}}},{"name":"cube","from":[7.25,5.33,7.25],"to":[7.4,5.7799997,8.75],"rotation":{"angle":0.0,"axis":"x","origin":[6.6499996,5.7799997,8.6]},"faces":{"down":{"uv":[4.75,8.75,4.75,9.25],"rotation":0,"texture":"#de9ddf20-b955-1dfb-0d26-c53d07b1f7a5","tintindex":0},"east":{"uv":[4.25,9.25,4.75,9.25],"rotation":0,"texture":"#de9ddf20-b955-1dfb-0d26-c53d07b1f7a5","tintindex":0},"north":{"uv":[4.75,9.25,4.75,9.25],"rotation":0,"texture":"#de9ddf20-b955-1dfb-0d26-c53d07b1f7a5","tintindex":0},"south":{"uv":[5.25,9.25,5.25,9.25],"rotation":0,"texture":"#de9ddf20-b955-1dfb-0d26-c53d07b1f7a5","tintindex":0},"up":{"uv":[4.75,9.25,4.75,8.75],"rotation":0,"texture":"#de9ddf20-b955-1dfb-0d26-c53d07b1f7a5","tintindex":0},"west":{"uv":[4.75,9.25,5.25,9.25],"rotation":0,"texture":"#de9ddf20-b955-1dfb-0d26-c53d07b1f7a5","tintindex":0}}},{"name":"cube","from":[7.25,5.9300003,7.25],"to":[7.4,6.38,8.75],"rotation":{"angle":0.0,"axis":"z","origin":[8.0,6.1549997,8.0]},"faces":{"down":{"uv":[4.75,8.75,4.75,9.25],"rotation":0,"texture":"#de9ddf20-b955-1dfb-0d26-c53d07b1f7a5","tintindex":0},"east":{"uv":[4.25,9.25,4.75,9.25],"rotation":0,"texture":"#de9ddf20-b955-1dfb-0d26-c53d07b1f7a5","tintindex":0},"north":{"uv":[4.75,9.25,4.75,9.25],"rotation":0,"texture":"#de9ddf20-b955-1dfb-0d26-c53d07b1f7a5","tintindex":0},"south":{"uv":[5.25,9.25,5.25,9.25],"rotation":0,"texture":"#de9ddf20-b955-1dfb-0d26-c53d07b1f7a5","tintindex":0},"up":{"uv":[4.75,9.25,4.75,8.75],"rotation":0,"texture":"#de9ddf20-b955-1dfb-0d26-c53d07b1f7a5","tintindex":0},"west":{"uv":[4.75,9.25,5.25,9.25],"rotation":0,"texture":"#de9ddf20-b955-1dfb-0d26-c53d07b1f7a5","tintindex":0}}},{"name":"cube","from":[7.4,4.37,7.25],"to":[8.6,4.8199997,7.4],"rotation":{"angle":0.0,"axis":"x","origin":[8.0,4.8199997,8.6]},"faces":{"down":{"uv":[5.25,8.75,4.75,8.75],"rotation":0,"texture":"#de9ddf20-b955-1dfb-0d26-c53d07b1f7a5","tintindex":0},"east":{"uv":[4.25,8.75,4.25,8.75],"rotation":0,"texture":"#de9ddf20-b955-1dfb-0d26-c53d07b1f7a5","tintindex":0},"north":{"uv":[4.25,8.75,4.75,8.75],"rotation":0,"texture":"#de9ddf20-b955-1dfb-0d26-c53d07b1f7a5","tintindex":0},"south":{"uv":[4.75,8.75,5.25,8.75],"rotation":0,"texture":"#de9ddf20-b955-1dfb-0d26-c53d07b1f7a5","tintindex":0},"up":{"uv":[4.75,8.75,4.25,8.75],"rotation":0,"texture":"#de9ddf20-b955-1dfb-0d26-c53d07b1f7a5","tintindex":0},"west":{"uv":[4.75,8.75,4.75,8.75],"rotation":0,"texture":"#de9ddf20-b955-1dfb-0d26-c53d07b1f7a5","tintindex":0}}},{"name":"cube","from":[7.4,4.85,7.25],"to":[8.6,5.3,7.4],"rotation":{"angle":0.0,"axis":"x","origin":[8.0,5.3,8.6]},"faces":{"down":{"uv":[5.25,8.75,4.75,8.75],"rotation":0,"texture":"#de9ddf20-b955-1dfb-0d26-c53d07b1f7a5","tintindex":0},"east":{"uv":[4.25,8.75,4.25,8.75],"rotation":0,"texture":"#de9ddf20-b955-1dfb-0d26-c53d07b1f7a5","tintindex":0},"north":{"uv":[4.25,8.75,4.75,8.75],"rotation":0,"texture":"#de9ddf20-b955-1dfb-0d26-c53d07b1f7a5","tintindex":0},"south":{"uv":[4.75,8.75,5.25,8.75],"rotation":0,"texture":"#de9ddf20-b955-1dfb-0d26-c53d07b1f7a5","tintindex":0},"up":{"uv":[4.75,8.75,4.25,8.75],"rotation":0,"texture":"#de9ddf20-b955-1dfb-0d26-c53d07b1f7a5","tintindex":0},"west":{"uv":[4.75,8.75,4.75,8.75],"rotation":0,"texture":"#de9ddf20-b955-1dfb-0d26-c53d07b1f7a5","tintindex":0}}},{"name":"cube","from":[7.4,5.33,7.25],"to":[8.6,5.7799997,7.4],"rotation":{"angle":0.0,"axis":"x","origin":[8.0,5.7799997,8.6]},"faces":{"down":{"uv":[5.25,8.75,4.75,8.75],"rotation":0,"texture":"#de9ddf20-b955-1dfb-0d26-c53d07b1f7a5","tintindex":0},"east":{"uv":[4.25,8.75,4.25,8.75],"rotation":0,"texture":"#de9ddf20-b955-1dfb-0d26-c53d07b1f7a5","tintindex":0},"north":{"uv":[4.25,8.75,4.75,8.75],"rotation":0,"texture":"#de9ddf20-b955-1dfb-0d26-c53d07b1f7a5","tintindex":0},"south":{"uv":[4.75,8.75,5.25,8.75],"rotation":0,"texture":"#de9ddf20-b955-1dfb-0d26-c53d07b1f7a5","tintindex":0},"up":{"uv":[4.75,8.75,4.25,8.75],"rotation":0,"texture":"#de9ddf20-b955-1dfb-0d26-c53d07b1f7a5","tintindex":0},"west":{"uv":[4.75,8.75,4.75,8.75],"rotation":0,"texture":"#de9ddf20-b955-1dfb-0d26-c53d07b1f7a5","tintindex":0}}},{"name":"cube","from":[7.4,5.9300003,7.25],"to":[8.6,6.38,7.4],"rotation":{"angle":0.0,"axis":"z","origin":[8.0,6.1549997,8.0]},"faces":{"down":{"uv":[5.25,8.75,4.75,8.75],"rotation":0,"texture":"#de9ddf20-b955-1dfb-0d26-c53d07b1f7a5","tintindex":0},"east":{"uv":[4.25,8.75,4.25,8.75],"rotation":0,"texture":"#de9ddf20-b955-1dfb-0d26-c53d07b1f7a5","tintindex":0},"north":{"uv":[4.25,8.75,4.75,8.75],"rotation":0,"texture":"#de9ddf20-b955-1dfb-0d26-c53d07b1f7a5","tintindex":0},"south":{"uv":[4.75,8.75,5.25,8.75],"rotation":0,"texture":"#de9ddf20-b955-1dfb-0d26-c53d07b1f7a5","tintindex":0},"up":{"uv":[4.75,8.75,4.25,8.75],"rotation":0,"texture":"#de9ddf20-b955-1dfb-0d26-c53d07b1f7a5","tintindex":0},"west":{"uv":[4.75,8.75,4.75,8.75],"rotation":0,"texture":"#de9ddf20-b955-1dfb-0d26-c53d07b1f7a5","tintindex":0}}},{"name":"cube","from":[7.4,4.37,8.6],"to":[8.6,4.8199997,8.75],"rotation":{"angle":0.0,"axis":"x","origin":[8.0,4.8199997,9.950001]},"faces":{"down":{"uv":[5.25,8.75,4.75,8.75],"rotation":0,"texture":"#de9ddf20-b955-1dfb-0d26-c53d07b1f7a5","tintindex":0},"east":{"uv":[4.25,8.75,4.25,8.75],"rotation":0,"texture":"#de9ddf20-b955-1dfb-0d26-c53d07b1f7a5","tintindex":0},"north":{"uv":[4.25,8.75,4.75,8.75],"rotation":0,"texture":"#de9ddf20-b955-1dfb-0d26-c53d07b1f7a5","tintindex":0},"south":{"uv":[4.75,8.75,5.25,8.75],"rotation":0,"texture":"#de9ddf20-b955-1dfb-0d26-c53d07b1f7a5","tintindex":0},"up":{"uv":[4.75,8.75,4.25,8.75],"rotation":0,"texture":"#de9ddf20-b955-1dfb-0d26-c53d07b1f7a5","tintindex":0},"west":{"uv":[4.75,8.75,4.75,8.75],"rotation":0,"texture":"#de9ddf20-b955-1dfb-0d26-c53d07b1f7a5","tintindex":0}}},{"name":"cube","from":[7.4,4.85,8.6],"to":[8.6,5.3,8.75],"rotation":{"angle":0.0,"axis":"x","origin":[8.0,5.3,9.950001]},"faces":{"down":{"uv":[5.25,8.75,4.75,8.75],"rotation":0,"texture":"#de9ddf20-b955-1dfb-0d26-c53d07b1f7a5","tintindex":0},"east":{"uv":[4.25,8.75,4.25,8.75],"rotation":0,"texture":"#de9ddf20-b955-1dfb-0d26-c53d07b1f7a5","tintindex":0},"north":{"uv":[4.25,8.75,4.75,8.75],"rotation":0,"texture":"#de9ddf20-b955-1dfb-0d26-c53d07b1f7a5","tintindex":0},"south":{"uv":[4.75,8.75,5.25,8.75],"rotation":0,"texture":"#de9ddf20-b955-1dfb-0d26-c53d07b1f7a5","tintindex":0},"up":{"uv":[4.75,8.75,4.25,8.75],"rotation":0,"texture":"#de9ddf20-b955-1dfb-0d26-c53d07b1f7a5","tintindex":0},"west":{"uv":[4.75,8.75,4.75,8.75],"rotation":0,"texture":"#de9ddf20-b955-1dfb-0d26-c53d07b1f7a5","tintindex":0}}},{"name":"cube","from":[7.4,5.33,8.6],"to":[8.6,5.7799997,8.75],"rotation":{"angle":0.0,"axis":"x","origin":[8.0,5.7799997,9.950001]},"faces":{"down":{"uv":[5.25,8.75,4.75,8.75],"rotation":0,"texture":"#de9ddf20-b955-1dfb-0d26-c53d07b1f7a5","tintindex":0},"east":{"uv":[4.25,8.75,4.25,8.75],"rotation":0,"texture":"#de9ddf20-b955-1dfb-0d26-c53d07b1f7a5","tintindex":0},"north":{"uv":[4.25,8.75,4.75,8.75],"rotation":0,"texture":"#de9ddf20-b955-1dfb-0d26-c53d07b1f7a5","tintindex":0},"south":{"uv":[4.75,8.75,5.25,8.75],"rotation":0,"texture":"#de9ddf20-b955-1dfb-0d26-c53d07b1f7a5","tintindex":0},"up":{"uv":[4.75,8.75,4.25,8.75],"rotation":0,"texture":"#de9ddf20-b955-1dfb-0d26-c53d07b1f7a5","tintindex":0},"west":{"uv":[4.75,8.75,4.75,8.75],"rotation":0,"texture":"#de9ddf20-b955-1dfb-0d26-c53d07b1f7a5","tintindex":0}}},{"name":"cube","from":[7.4,5.9300003,8.6],"to":[8.6,6.38,8.75],"rotation":{"angle":0.0,"axis":"z","origin":[8.0,6.1549997,8.0]},"faces":{"down":{"uv":[5.25,8.75,4.75,8.75],"rotation":0,"texture":"#de9ddf20-b955-1dfb-0d26-c53d07b1f7a5","tintindex":0},"east":{"uv":[4.25,8.75,4.25,8.75],"rotation":0,"texture":"#de9ddf20-b955-1dfb-0d26-c53d07b1f7a5","tintindex":0},"north":{"uv":[4.25,8.75,4.75,8.75],"rotation":0,"texture":"#de9ddf20-b955-1dfb-0d26-c53d07b1f7a5","tintindex":0},"south":{"uv":[4.75,8.75,5.25,8.75],"rotation":0,"texture":"#de9ddf20-b955-1dfb-0d26-c53d07b1f7a5","tintindex":0},"up":{"uv":[4.75,8.75,4.25,8.75],"rotation":0,"texture":"#de9ddf20-b955-1dfb-0d26-c53d07b1f7a5","tintindex":0},"west":{"uv":[4.75,8.75,4.75,8.75],"rotation":0,"texture":"#de9ddf20-b955-1dfb-0d26-c53d07b1f7a5","tintindex":0}}}],"display":{"head":{"translation":[0.0,-6.4,0.0],"rotation":[0.0,0.0,0.0],"scale":[3.8095,3.8095,3.8095]},"gui":{"translation":[0.0,0.0,0.0],"rotation":[35.0,225.0,0.0],"scale":[0.625,0.625,0.625]}}}