{"file_name":"rightarm","texture_size":[64,64],"textures":{"de9ddf20-b955-1dfb-0d26-c53d07b1f7a5":"modelengine:entity/skeleton1"},"elements":[{"name":"leftarm","from":[7.4,5.6,7.4],"to":[8.6,9.2,8.6],"rotation":{"angle":0.0,"axis":"x","origin":[5.0,-5.200001,8.0]},"faces":{"down":{"uv":[1.5,4.0,1.0,4.5],"rotation":0,"texture":"#de9ddf20-b955-1dfb-0d26-c53d07b1f7a5","tintindex":0},"east":{"uv":[0.0,4.5,0.5,6.0],"rotation":0,"texture":"#de9ddf20-b955-1dfb-0d26-c53d07b1f7a5","tintindex":0},"north":{"uv":[0.5,4.5,1.0,6.0],"rotation":0,"texture":"#de9ddf20-b955-1dfb-0d26-c53d07b1f7a5","tintindex":0},"south":{"uv":[1.5,4.5,2.0,6.0],"rotation":0,"texture":"#de9ddf20-b955-1dfb-0d26-c53d07b1f7a5","tintindex":0},"up":{"uv":[1.0,4.5,0.5,4.0],"rotation":0,"texture":"#de9ddf20-b955-1dfb-0d26-c53d07b1f7a5","tintindex":0},"west":{"uv":[1.0,4.5,1.5,6.0],"rotation":0,"texture":"#de9ddf20-b955-1dfb-0d26-c53d07b1f7a5","tintindex":0}}},{"name":"cube","from":[7.25,9.2,7.25],"to":[8.6,9.35,8.75],"rotation":{"angle":0.0,"axis":"x","origin":[7.85,9.2,8.6]},"faces":{"down":{"uv":[5.75,8.75,5.25,9.25],"rotation":0,"texture":"#de9ddf20-b955-1dfb-0d26-c53d07b1f7a5","tintindex":0},"east":{"uv":[4.25,9.25,4.75,9.25],"rotation":0,"texture":"#de9ddf20-b955-1dfb-0d26-c53d07b1f7a5","tintindex":0},"north":{"uv":[4.75,9.25,5.25,9.25],"rotation":0,"texture":"#de9ddf20-b955-1dfb-0d26-c53d07b1f7a5","tintindex":0},"south":{"uv":[5.75,9.25,6.25,9.25],"rotation":0,"texture":"#de9ddf20-b955-1dfb-0d26-c53d07b1f7a5","tintindex":0},"up":{"uv":[5.25,9.25,4.75,8.75],"rotation":0,"texture":"#de9ddf20-b955-1dfb-0d26-c53d07b1f7a5","tintindex":0},"west":{"uv":[5.25,9.25,5.75,9.25],"rotation":0,"texture":"#de9ddf20-b955-1dfb-0d26-c53d07b1f7a5","tintindex":0}}},{"name":"cube","from":[8.6,8.75,7.25],"to":[8.6,9.2,8.75],"rotation":{"angle":0.0,"axis":"x","origin":[8.0,9.2,8.6]},"faces":{"down":{"uv":[4.75,8.75,4.75,9.25],"rotation":0,"texture":"#de9ddf20-b955-1dfb-0d26-c53d07b1f7a5","tintindex":0},"east":{"uv":[4.25,9.25,4.75,9.25],"rotation":0,"texture":"#de9ddf20-b955-1dfb-0d26-c53d07b1f7a5","tintindex":0},"north":{"uv":[4.75,9.25,4.75,9.25],"rotation":0,"texture":"#de9ddf20-b955-1dfb-0d26-c53d07b1f7a5","tintindex":0},"south":{"uv":[5.25,9.25,5.25,9.25],"rotation":0,"texture":"#de9ddf20-b955-1dfb-0d26-c53d07b1f7a5","tintindex":0},"up":{"uv":[4.75,9.25,4.75,8.75],"rotation":0,"texture":"#de9ddf20-b955-1dfb-0d26-c53d07b1f7a5","tintindex":0},"west":{"uv":[4.75,9.25,5.25,9.25],"rotation":0,"texture":"#de9ddf20-b955-1dfb-0d26-c53d07b1f7a5","tintindex":0}}},{"name":"cube","from":[7.25,8.75,8.6],"to":[8.6,9.2,8.75],"rotation":{"angle":0.0,"axis":"x","origin":[7.85,9.2,9.950001]},"faces":{"down":{"uv":[5.25,8.75,4.75,8.75],"rotation":0,"texture":"#de9ddf20-b955-1dfb-0d26-c53d07b1f7a5","tintindex":0},"east":{"uv":[4.25,8.75,4.25,8.75],"rotation":0,"texture":"#de9ddf20-b955-1dfb-0d26-c53d07b1f7a5","tintindex":0},"north":{"uv":[4.25,8.75,4.75,8.75],"rotation":0,"texture":"#de9ddf20-b955-1dfb-0d26-c53d07b1f7a5","tintindex":0},"south":{"uv":[4.75,8.75,5.25,8.75],"rotation":0,"texture":"#de9ddf20-b955-1dfb-0d26-c53d07b1f7a5","tintindex":0},"up":{"uv":[4.75,8.75,4.25,8.75],"rotation":0,"texture":"#de9ddf20-b955-1dfb-0d26-c53d07b1f7a5","tintindex":0},"west":{"uv":[4.75,8.75,4.75,8.75],"rotation":0,"texture":"#de9ddf20-b955-1dfb-0d26-c53d07b1f7a5","tintindex":0}}},{"name":"cube","from":[7.25,8.75,7.25],"to":[8.6,9.2,7.4],"rotation":{"angle":0.0,"axis":"x","origin":[7.85,9.2,8.6]},"faces":{"down":{"uv":[5.25,8.75,4.75,8.75],"rotation":0,"texture":"#de9ddf20-b955-1dfb-0d26-c53d07b1f7a5","tintindex":0},"east":{"uv":[4.25,8.75,4.25,8.75],"rotation":0,"texture":"#de9ddf20-b955-1dfb-0d26-c53d07b1f7a5","tintindex":0},"north":{"uv":[4.25,8.75,4.75,8.75],"rotation":0,"texture":"#de9ddf20-b955-1dfb-0d26-c53d07b1f7a5","tintindex":0},"south":{"uv":[4.75,8.75,5.25,8.75],"rotation":0,"texture":"#de9ddf20-b955-1dfb-0d26-c53d07b1f7a5","tintindex":0},"up":{"uv":[4.75,8.75,4.25,8.75],"rotation":0,"texture":"#de9ddf20-b955-1dfb-0d26-c53d07b1f7a5","tintindex":0},"west":{"uv":[4.75,8.75,4.75,8.75],"rotation":0,"texture":"#de9ddf20-b955-1dfb-0d26-c53d07b1f7a5","tintindex":0}}},{"name":"cube","from":[7.4,7.55,7.25],"to":[8.3,8.75,7.4],"rotation":{"angle":0.0,"axis":"x","origin":[7.85,8.75,8.6]},"faces":{"down":{"uv":[4.75,8.75,4.5,8.75],"rotation":0,"texture":"#de9ddf20-b955-1dfb-0d26-c53d07b1f7a5","tintindex":0},"east":{"uv":[4.25,8.75,4.25,9.25],"rotation":0,"texture":"#de9ddf20-b955-1dfb-0d26-c53d07b1f7a5","tintindex":0},"north":{"uv":[4.25,8.75,4.5,9.25],"rotation":0,"texture":"#de9ddf20-b955-1dfb-0d26-c53d07b1f7a5","tintindex":0},"south":{"uv":[4.5,8.75,4.75,9.25],"rotation":0,"texture":"#de9ddf20-b955-1dfb-0d26-c53d07b1f7a5","tintindex":0},"up":{"uv":[4.5,8.75,4.25,8.75],"rotation":0,"texture":"#de9ddf20-b955-1dfb-0d26-c53d07b1f7a5","tintindex":0},"west":{"uv":[4.5,8.75,4.5,9.25],"rotation":0,"texture":"#de9ddf20-b955-1dfb-0d26-c53d07b1f7a5","tintindex":0}}},{"name":"cube","from":[7.4,6.35,7.25],"to":[7.85,7.55,7.4],"rotation":{"angle":0.0,"axis":"x","origin":[7.85,7.55,8.6]},"faces":{"down":{"uv":[4.25,8.75,4.25,8.75],"rotation":0,"texture":"#de9ddf20-b955-1dfb-0d26-c53d07b1f7a5","tintindex":0},"east":{"uv":[4.25,8.75,4.25,9.25],"rotation":0,"texture":"#de9ddf20-b955-1dfb-0d26-c53d07b1f7a5","tintindex":0},"north":{"uv":[4.25,8.75,4.25,9.25],"rotation":0,"texture":"#de9ddf20-b955-1dfb-0d26-c53d07b1f7a5","tintindex":0},"south":{"uv":[4.25,8.75,4.25,9.25],"rotation":0,"texture":"#de9ddf20-b955-1dfb-0d26-c53d07b1f7a5","tintindex":0},"up":{"uv":[4.25,8.75,4.25,8.75],"rotation":0,"texture":"#de9ddf20-b955-1dfb-0d26-c53d07b1f7a5","tintindex":0},"west":{"uv":[4.25,8.75,4.25,9.25],"rotation":0,"texture":"#de9ddf20-b955-1dfb-0d26-c53d07b1f7a5","tintindex":0}}},{"name":"cube","from":[7.25,8.75,7.25],"to":[7.25,9.2,8.75],"rotation":{"angle":0.0,"axis":"x","origin":[6.6499996,9.2,8.6]},"faces":{"down":{"uv":[4.75,8.75,4.75,9.25],"rotation":0,"texture":"#de9ddf20-b955-1dfb-0d26-c53d07b1f7a5","tintindex":0},"east":{"uv":[4.25,9.25,4.75,9.25],"rotation":0,"texture":"#de9ddf20-b955-1dfb-0d26-c53d07b1f7a5","tintindex":0},"north":{"uv":[4.75,9.25,4.75,9.25],"rotation":0,"texture":"#de9ddf20-b955-1dfb-0d26-c53d07b1f7a5","tintindex":0},"south":{"uv":[5.25,9.25,5.25,9.25],"rotation":0,"texture":"#de9ddf20-b955-1dfb-0d26-c53d07b1f7a5","tintindex":0},"up":{"uv":[4.75,9.25,4.75,8.75],"rotation":0,"texture":"#de9ddf20-b955-1dfb-0d26-c53d07b1f7a5","tintindex":0},"west":{"uv":[4.75,9.25,5.25,9.25],"rotation":0,"texture":"#de9ddf20-b955-1dfb-0d26-c53d07b1f7a5","tintindex":0}}}],"display":{"head":{"translation":[0.0,-6.4,0.0],"rotation":[0.0,0.0,0.0],"scale":[3.8095,3.8095,3.8095]},"gui":{"translation":[0.0,0.0,0.0],"rotation":[35.0,225.0,0.0],"scale":[0.625,0.625,0.625]}}}