{"file_name":"tail1","texture_size":[64,64],"textures":{"de9ddf20-b955-1dfb-0d26-c53d07b1f7a5":"modelengine:entity/skeleton1"},"elements":[{"name":"cube","from":[7.55,7.9399996,6.41],"to":[8.45,8.09,8.06],"rotation":{"angle":0.0,"axis":"x","origin":[7.55,-1.0600004,7.7599998]},"faces":{"down":{"uv":[1.0,8.25,0.75,8.75],"rotation":0,"texture":"#de9ddf20-b955-1dfb-0d26-c53d07b1f7a5","tintindex":0},"east":{"uv":[0.0,8.75,0.5,8.75],"rotation":0,"texture":"#de9ddf20-b955-1dfb-0d26-c53d07b1f7a5","tintindex":0},"north":{"uv":[0.5,8.75,0.75,8.75],"rotation":0,"texture":"#de9ddf20-b955-1dfb-0d26-c53d07b1f7a5","tintindex":0},"south":{"uv":[1.25,8.75,1.5,8.75],"rotation":0,"texture":"#de9ddf20-b955-1dfb-0d26-c53d07b1f7a5","tintindex":0},"up":{"uv":[0.75,8.75,0.5,8.25],"rotation":0,"texture":"#de9ddf20-b955-1dfb-0d26-c53d07b1f7a5","tintindex":0},"west":{"uv":[0.75,8.75,1.25,8.75],"rotation":0,"texture":"#de9ddf20-b955-1dfb-0d26-c53d07b1f7a5","tintindex":0}}}],"display":{"head":{"translation":[0.0,-6.4,0.0],"rotation":[0.0,0.0,0.0],"scale":[3.8095,3.8095,3.8095]},"gui":{"translation":[0.0,0.0,0.0],"rotation":[35.0,225.0,0.0],"scale":[0.625,0.625,0.625]}}}